id,module,chapter,type,bac_slot,topic,level,difficulty,source,q,statement,text,title,options,correct,truth,correction,answers,model_answer,key_points,model_statements,model_text,notions,given,steps,answer,explanation
A01-GRI01,A,A01,grila,I.C,Organite cu membrană dublă,C,1,Fișe p.2,"Organitul celular cu membrană dublă, care conține ADN propriu, este:",,,,"[""lizozomul"", ""mitocondria"", ""ribozomul"", ""aparatul Golgi""]",1,,,,,,,,,,,,"Mitocondriile au membrană dublă (externă netedă, internă cu criste) și ADN propriu, fiind autodivizibile."
A01-GRI02,A,A01,grila,I.C,Perete celular,C,1,Fișe p.1,Peretele celular de natură chitinoasă este caracteristic celulei:,,,,"[""vegetale"", ""bacteriene"", ""fungice"", ""animale""]",2,,,,,,,,,,,,La fungi peretele conține chitină; la plante celuloză; la procariote mureină; celula animală nu are perete.
A01-GRI03,A,A01,grila,I.C,Celula procariotă,C,1,Fișe p.1,Celula procariotă se caracterizează prin:,,,,"[""nucleu delimitat de membrană dublă"", ""cromozom circular într-un nucleoid"", ""prezența mitocondriilor"", ""prezența reticulului endoplasmatic""]",1,,,,,,,,,,,,"Materialul genetic este o moleculă de ADN circulară, dispusă difuz în nucleoid, fără anvelopă nucleară; organitele cu membrană lipsesc."
A01-GRI04,A,A01,grila,I.C,Lizozomi,C,1,Fișe p.3,Lizozomii sunt organite cu rol în:,,,,"[""sinteza proteinelor"", ""fotosinteză"", ""digestia intracelulară"", ""respirația celulară""]",2,,,,,,,,,,,,Lizozomii conțin enzime hidrolitice și realizează digestia intracelulară (fagocitoza); sunt numeroși în leucocite.
A01-GRI05,A,A01,grila,I.C,Cloroplast,C,2,Fișe p.3–4,Substanța fundamentală a cloroplastului se numește:,,,,"[""matrix"", ""stromă"", ""hialoplasmă"", ""carioplasmă""]",1,,,,,,,,,,,,"Stroma conține ADN, ARN, ribozomi și este locul fazei de întuneric; matrixul aparține mitocondriei, carioplasma nucleului."
A01-GRI06,A,A01,grila,I.C,Organite specifice,C,1,Fișe p.3,Sunt specifice celulei vegetale:,,,,"[""mitocondriile"", ""plastidele"", ""ribozomii"", ""reticulul endoplasmatic""]",1,,,,,,,,,,,,"Plastidele (cloroplaste, cromoplaste, leucoplaste) lipsesc din celula animală; celelalte organite sunt comune."
A01-GRI07,A,A01,grila,I.C,Membrana celulară,C,1,Fișe p.1,Membrana celulară:,,,,"[""este alcătuită dintr-un singur strat fosfolipidic"", ""este organizată după modelul mozaicului fluid"", ""este o structură nevie"", ""lipsește la celula animală""]",1,,,,,,,,,,,,Membrana are două straturi fosfolipidice străbătute de proteine (mozaic fluid) și este permeabilă selectiv; peretele celular e structura nevie.
A01-GRI08,A,A01,grila,I.C,Aparat Golgi,C,1,Fișe p.3,Aparatul Golgi este alcătuit din totalitatea:,,,,"[""cristelor"", ""dictiozomilor"", ""tilacoidelor"", ""centriolilor""]",1,,,,,,,,,,,,"Dictiozomii sunt formațiuni discoidale cu membrană simplă, aplatizate și suprapuse; din marginile lor se desprind vezicule cu secreții."
A01-GRI09,A,A01,grila,I.C,Organit fără membrană,C,1,Fișe p.3; subiect bac 2025,"Organitul comun celulelor vegetală și animală, cu rol în sinteza proteinelor, este:",,,,"[""centrozomul"", ""cloroplastul"", ""lizozomul"", ""ribozomul""]",3,,,,,,,,,,,,"Ribozomii (granulele lui Palade) sunt organite fără membrană, formate din ARN și proteine, sediul biosintezei proteinelor."
A01-GRI10,A,A01,grila,I.C,Nucleolul,C,2,Fișe p.4,Nucleolii au rol în:,,,,"[""biogeneza ribozomilor"", ""fotosinteză"", ""digestie intracelulară"", ""formarea fusului de diviziune""]",0,,,,,,,,,,,,Nucleolii conțin ARN și participă la biogeneza ribozomilor și la diviziunea celulară.
A01-GRI11,A,A01,grila,I.C,Excepții nucleare,C,2,Ghid Nominatrix p.19,Care celulă este anucleată la maturitate?,,,,"[""hepatocitul"", ""hematia"", ""leucocitul"", ""neuronul""]",1,,,,,,,,,,,,"Hematia adultă și trombocitul nu au nucleu; hepatocitul poate fi binucleat, iar leucocitele și neuronii au nucleu."
A01-GRI12,A,A01,grila,I.C,Cromozomii în nucleu,C,1,Fișe p.4,Cromatina nucleară este constituită din:,,,,"[""ADN, ARN și proteine"", ""numai ADN"", ""numai proteine"", ""lipide și glucide""]",0,,,,,,,,,,,,"Cromatina (ADN, ARN, proteine) formează cromozomii, vizibili la microscop doar în timpul diviziunii celulare."
A01-GRI13,A,A01,grila,I.C,Plastide de depozitare,C,2,Fișe p.3,Plastidele care depozitează amidon în tuberculul de cartof se numesc:,,,,"[""cromoplaste"", ""oleoplaste"", ""amiloplaste"", ""proteoplaste""]",2,,,,,,,,,,,,Amiloplastele (leucoplaste) depozitează amidon; oleoplastele uleiuri (floarea-soarelui); proteoplastele proteine (semințe).
A01-GRI14,A,A01,grila,I.C,Celula procariotă – peretele,C,1,Fișe p.1,Peretele celulei procariote conține:,,,,"[""celuloză"", ""chitină"", ""mureină"", ""lignină""]",2,,,,,,,,,,,,"Peretele rigid, necelulozic al procariotelor conține mureină."
A01-GRI15,A,A01,grila,I.C,Mitocondrii – interpretare,U,2,Fișe p.2; simulare 2026 II.A.b,Celulele cu activitate intensă de contracție conțin multe mitocondrii deoarece mitocondriile:,,,,"[""sintetizează proteine contractile"", ""realizează oxidarea substanțelor organice cu eliberare de energie"", ""depozitează apa"", ""formează fusul de diviziune""]",1,,,,,,,,,,,,Mitocondriile sunt sediul respirației celulare; energia eliberată este stocată în ATP și folosită la contracție.
A01-ADE01,A,A01,adevarat_fals,I.D,Ribozomi,C,1,,,Ribozomii sunt organite celulare cu membrană simplă.,,,,,False,Ribozomii sunt organite celulare fără membrană.,,,,,,,,,,"Ribozomii sunt granule de ribonucleoproteine, lipsite de membrană."
A01-ADE02,A,A01,adevarat_fals,I.D,Perete celular,C,1,,,Peretele celular lipsește la celula animală.,,,,,True,,,,,,,,,,,Peretele celular e specific celulei vegetale și fungice.
A01-ADE03,A,A01,adevarat_fals,I.D,Mitocondrii,C,1,,,Mitocondriile conțin ADN propriu și sunt autodivizibile.,,,,,True,,,,,,,,,,,ADN-ul mitocondrial codifică enzime respiratorii.
A01-ADE04,A,A01,adevarat_fals,I.D,Vacuole,C,1,,,Vacuolele sunt permanente în celulele animale.,,,,,False,Vacuolele sunt temporare în celulele animale.,,,,,,,,,,Sunt permanente în celulele vegetale.
A01-ADE05,A,A01,adevarat_fals,I.D,Cromozomi,C,1,,,Cromozomii pot fi vizualizați la microscop doar în timpul diviziunii celulare.,,,,,True,,,,,,,,,,,În interfază cromatina e decondensată.
A01-ADE06,A,A01,adevarat_fals,I.D,Centrozom,C,1,,,Centrozomul este alcătuit din doi centrioli.,,,,,True,,,,,,,,,,,Centrioli dispuși perpendicular; dau naștere fusului de diviziune.
A01-ADE07,A,A01,adevarat_fals,I.D,Plastide,C,1,,,Cloroplastele conțin pigmenți roșii-portocalii.,,,,,False,Cloroplastele conțin pigmenți verzi (clorofilieni).,,,,,,,,,,Pigmenții roșii-portocalii se află în cromoplaste.
A01-ADE08,A,A01,adevarat_fals,I.D,Reticul endoplasmatic,C,1,,,Reticulul endoplasmatic rugos are ribozomi atașați pe membrană.,,,,,True,,,,,,,,,,,Ribozomii atașați dau aspectul granular (REG).
A01-COM01,A,A01,completare,I.A,Plastide,C,1,,,,"Plastidele care depozitează amidon se numesc ............, iar cele care depozitează uleiuri se numesc ............ .",,,,,,"[""amiloplaste"", ""oleoplaste""]",,,,,,,,,
A01-COM02,A,A01,completare,I.A,Celula procariotă,C,1,,,,"Materialul genetic al celulei procariote este un cromozom ............, situat în ............ .",,,,,,"[""circular"", ""nucleoid""]",,,,,,,,,
A01-COM03,A,A01,completare,I.A,Membrana,C,1,,,,Membrana celulară este organizată după modelul ............ ............ .,,,,,,"[""mozaicului"", ""fluid""]",,,,,,,,,Răspuns acceptat: mozaic fluid.
A01-COM04,A,A01,completare,I.A,Respirația celulară,C,1,,,,Procesul de ............ celulară se desfășoară la nivelul ............ .,,,,,,"[""respirație"", ""mitocondriilor""]",,,,,,,,,
A01-EXE01,A,A01,exemple_caracteristica,I.B,Procariote,C,1,Subiect bac 2025 I.B,Dați două exemple de componente ale unei celule procariote; scrieți în dreptul fiecărui component câte o caracteristică structurală.,,,,,,,,"[{""example"": ""peretele celular"", ""feature"": ""rigid, necelulozic, conține mureină""}, {""example"": ""nucleoidul"", ""feature"": ""conține o moleculă de ADN circular, fără membrană nucleară""}, {""example"": ""ribozomii"", ""feature"": ""organite fără membrană, formate din ARN și proteine""}]",,,,,,,,,Orice două componente cu caracteristica corectă.
A01-EXE02,A,A01,exemple_caracteristica,I.B,Organite cu membrană dublă,C,1,,Dați două exemple de organite cu membrană dublă; scrieți câte o caracteristică.,,,,,,,,"[{""example"": ""mitocondria"", ""feature"": ""membrana internă formează criste""}, {""example"": ""cloroplastul"", ""feature"": ""membrana internă formează tilacoide dispuse în grane""}]",,,,,,,,,
A01-EXE03,A,A01,exemple_caracteristica,I.B,Plastide,C,1,,Dați două exemple de plastide nefotosintetizante; scrieți câte un rol.,,,,,,,,"[{""example"": ""amiloplastul"", ""feature"": ""depozitează amidon""}, {""example"": ""cromoplastul"", ""feature"": ""conține pigmenți roșii-portocalii și colorează fructele""}, {""example"": ""oleoplastul"", ""feature"": ""depozitează uleiuri""}]",,,,,,,,,
A01-STR01,A,A01,structurat,II.A.b,Mitocondrii,U,2,Simulare 2026 II.A.b,Explicați numărul mare de mitocondrii din celulele țesutului muscular cardiac.,,,,,,,,,"Mitocondriile sunt sediul respirației celulare; la nivelul lor substanțele organice sunt oxidate cu eliberare de energie stocată în ATP. Miocardul se contractă continuu, deci consumă multă energie; de aceea celulele lui conțin multe mitocondrii.","[""mitocondria = sediul respirației celulare"", ""oxidarea substanțelor organice eliberează energie (ATP)"", ""contracție continuă = consum mare de energie""]",,,,,,,
A01-STR02,A,A01,structurat,III.2.b,Nucleul,R,2,,Precizați un argument în favoarea afirmației: „Nucleul coordonează activitatea celulei”.,,,,,,,,,"Nucleul conține ADN, în care este stocată informația genetică; aceasta determină tipul de proteine (enzime) sintetizate și astfel controlează procesele celulare și diviziunea.","[""ADN-ul stochează informația genetică"", ""informația determină proteinele/enzimele sintetizate"", ""controlul proceselor celulare și al diviziunii""]",,,,,,,
A01-STR03,A,A01,structurat,III.2.b,Cloroplast,U,2,,Explicați de ce fotosinteza se desfășoară în cloroplaste.,,,,,,,,,"Cloroplastele conțin pigmenți clorofilieni în tilacoide (grana), care absorb energia luminoasă; în stromă se găsesc enzimele și ADN-ul necesare sintezei substanțelor organice.","[""pigmenți clorofilieni în grane"", ""faza de lumină în grana"", ""faza de întuneric în stromă""]",,,,,,,
A01-ENU01,A,A01,enunturi,III.1.c,Organite,U,2,,"Construiți patru enunțuri afirmative, câte două pentru fiecare conținut, utilizând limbajul științific adecvat: mitocondria; aparatul Golgi.",,,,,,,,,,,"[""Mitocondria are membrană dublă, cea internă formând criste."", ""Mitocondria este sediul respirației celulare și conține ADN propriu."", ""Aparatul Golgi este alcătuit din dictiozomi cu membrană simplă."", ""Aparatul Golgi participă la elaborarea secrețiilor și la formarea membranelor.""]",,,,,,
A01-MIN01,A,A01,minieseu,III.2.c,Nucleul,U,2,,,,,Nucleul celular,,,,,,,,,"Nucleul este delimitat de membrana nucleară dublă prevăzută cu pori și conține cromatina, formată din ADN, ARN și proteine. În ADN este stocată informația genetică, iar în timpul diviziunii cromatina se condensează formând cromozomii. Nucleolul participă la biogeneza ribozomilor.","[""membrană nucleară"", ""cromatină"", ""ADN"", ""nucleol"", ""informație genetică"", ""cromozomi""]",,,,
A02-GRI01,A,A02,grila,I.C,Meioză – număr de cromozomi,A,1,Subiect bac 2025 I.C.3,Fiecare dintre celulele-fiice formate prin diviziunea meiotică a unei celule-mamă cu 2n = 14 cromozomi are:,,,,"[""n = 7 cromozomi"", ""n = 14 cromozomi"", ""2n = 7 cromozomi"", ""2n = 14 cromozomi""]",0,,,,,,,,,,,,Meioza reduce numărul de cromozomi la jumătate: din 2n = 14 rezultă celule haploide cu n = 7.
A02-GRI02,A,A02,grila,I.C,Mitoză – număr de cromozomi,A,1,Simulare 2026 I.C.4,Fiecare dintre celulele-fiice formate prin diviziunea mitotică a unei celule-mamă cu 2n = 28 cromozomi are:,,,,"[""n = 14 cromozomi"", ""n = 28 cromozomi"", ""2n = 14 cromozomi"", ""2n = 28 cromozomi""]",3,,,,,,,,,,,,"Mitoza păstrează numărul de cromozomi: celulele-fiice sunt diploide, 2n = 28."
A02-GRI03,A,A02,grila,I.C,Meioză – număr de celule,C,1,Fișe p.36–37,"Dintr-o celulă-mamă diploidă, prin meioză, se formează:",,,,"[""două celule diploide"", ""patru celule haploide"", ""două celule haploide"", ""patru celule diploide""]",1,,,,,,,,,,,,Meioza este formată din etapa reducțională (2 celule n) și etapa ecvațională (4 celule n).
A02-GRI04,A,A02,grila,I.C,Crossing-over,C,2,Fișe p.36,Crossing-over-ul are loc în:,,,,"[""metafaza mitozei"", ""profaza I a meiozei"", ""anafaza II a meiozei"", ""telofaza mitozei""]",1,,,,,,,,,,,,"Schimbul de material genetic între cromatide nesurori are loc în profaza I, la nivelul chiasmelor tetradelor."
A02-GRI05,A,A02,grila,I.C,Fus de diviziune,C,1,Fișe p.11,Fusul de diviziune ia naștere prin autoduplicarea:,,,,"[""nucleolului"", ""centrozomului"", ""ribozomului"", ""mitocondriei""]",1,,,,,,,,,,,,Fusul este format din filamente care unesc cei doi centrozomi situați la polii celulei.
A02-GRI06,A,A02,grila,I.C,Cariotip uman,C,1,Fișe p.12,Cariotipul uman normal cuprinde:,,,,"[""23 autozomi și 23 heterozomi"", ""44 autozomi și 2 heterozomi"", ""46 heterozomi"", ""22 autozomi și 24 heterozomi""]",1,,,,,,,,,,,,2n = 46: 44 autozomi și 2 heterozomi (XX sau XY).
A02-GRI07,A,A02,grila,I.C,Diviziune directă,C,2,Fișe p.11,Diviziunea directă (amitoza):,,,,"[""are loc la eucariote, cu fus de diviziune"", ""are loc la procariote, prin strangulare"", ""formează cromozomi omologi"", ""este specifică celulelor reproducătoare""]",1,,,,,,,,,,,,Amitoza are loc la procariote și protiste prin strangulare și formarea unui perete despărțitor; nu are fus de diviziune.
A02-GRI08,A,A02,grila,I.C,Interfaza,C,1,Fișe p.11,"În interfază, cantitatea de ADN:",,,,"[""se înjumătățește"", ""se dublează"", ""rămâne neschimbată"", ""dispare""]",1,,,,,,,,,,,,"Interfaza este perioada de sinteză intensă: ARN, proteine, creștere și dublarea ADN-ului."
A02-GRI09,A,A02,grila,I.C,Placa metafazică,C,1,Fișe p.12,Dispunerea cromozomilor bicromatidici în placa ecuatorială are loc în:,,,,"[""profază"", ""metafază"", ""anafază"", ""telofază""]",1,,,,,,,,,,,,"În metafază cromozomii bicromatidici se așază în placa ecuatorială, la centrul fusului."
A02-GRI10,A,A02,grila,I.C,Rolul mitozei,C,1,Fișe p.12,Care este rolul mitozei?,,,,"[""formarea gameților"", ""creșterea și înlocuirea celulelor uzate"", ""reducerea numărului de cromozomi"", ""apariția variabilității prin crossing-over""]",1,,,,,,,,,,,,"Mitoza are loc în celulele somatice și asigură creșterea, dezvoltarea și înlocuirea celulelor."
A02-GRI11,A,A02,grila,I.C,Telofaza,C,2,Fișe p.12–13,În telofaza mitozei:,,,,"[""se formează tetradele"", ""se reorganizează membrana nucleară și nucleolii"", ""se produce crossing-over"", ""se înjumătățește numărul de cromozomi""]",1,,,,,,,,,,,,"În telofază cromozomii se despiralizează, fusul se dezorganizează, se reorganizează membrana nucleară și nucleolii."
A02-ADE01,A,A02,adevarat_fals,I.D,Meioza,C,1,,,Meioza are loc în celulele somatice.,,,,,False,Meioza are loc în celulele organelor reproducătoare.,,,,,,,,,,Se desfășoară în testicule și ovare și formează gameții.
A02-ADE02,A,A02,adevarat_fals,I.D,Mitoza,C,1,,,"Prin mitoză, dintr-o celulă-mamă diploidă rezultă două celule-fiice diploide.",,,,,True,,,,,,,,,,,Celulele-fiice au același număr de cromozomi ca celula-mamă.
A02-ADE03,A,A02,adevarat_fals,I.D,Notații,C,1,,,Celulele haploide se notează cu 2n.,,,,,False,Celulele haploide se notează cu n.,,,,,,,,,,Celulele diploide se notează 2n.
A02-ADE04,A,A02,adevarat_fals,I.D,Dansul cromozomilor,C,1,,,Dansul cromozomilor (recombinarea intercromozomală) are loc în metafaza I.,,,,,True,,,,,,,,,,,Perechile de omologi se orientează și migrează la întâmplare.
A02-ADE05,A,A02,adevarat_fals,I.D,Crossing-over,C,1,,,Crossing-over-ul asigură recombinarea intercromozomală.,,,,,False,Crossing-over-ul asigură recombinarea intracromozomală.,,,,,,,,,,Recombinarea intercromozomală este dansul cromozomilor.
A02-ADE06,A,A02,adevarat_fals,I.D,Interfaza,C,1,,,Interfaza face parte din ciclul celular.,,,,,True,,,,,,,,,,,Ciclul celular = interfază + diviziune.
A02-ADE07,A,A02,adevarat_fals,I.D,Etapa reducțională,C,1,,,Etapa ecvațională a meiozei reduce numărul de cromozomi la jumătate.,,,,,False,Etapa reducțională a meiozei reduce numărul de cromozomi la jumătate.,,,,,,,,,,Etapa ecvațională este o mitoză.
A02-COM01,A,A02,completare,I.A,Mitoză/meioză,C,1,,,,"Diviziunea ............ asigură creșterea organismului, iar diviziunea ............ formează gameții.",,,,,,"[""mitotică"", ""meiotică""]",,,,,,,,,
A02-COM02,A,A02,completare,I.A,Ciclul celular,C,1,,,,Ciclul celular cuprinde ............ și diviziunea celulară.,,,,,,"[""interfaza""]",,,,,,,,,
A02-COM03,A,A02,completare,I.A,Cariotip uman,C,1,,,,"Cariotipul uman are ............ cromozomi, dintre care 44 sunt ............ .",,,,,,"[""46"", ""autozomi""]",,,,,,,,,
A02-EXE01,A,A02,exemple_caracteristica,I.B,Faze ale mitozei,C,1,,Dați două exemple de faze ale mitozei; scrieți câte o caracteristică.,,,,,,,,"[{""example"": ""profaza"", ""feature"": ""cromatina se condensează formând cromozomi bicromatidici; membrana nucleară și nucleolii se dezorganizează""}, {""example"": ""metafaza"", ""feature"": ""cromozomii bicromatidici se dispun în placa ecuatorială""}, {""example"": ""anafaza"", ""feature"": ""cromozomii monocromatidici migrează spre polii celulei""}, {""example"": ""telofaza"", ""feature"": ""se reorganizează membrana nucleară și nucleolii""}]",,,,,,,,,
A02-EXE02,A,A02,exemple_caracteristica,I.B,Faze ale meiozei,C,1,,Dați două exemple de procese care au loc în profaza I a meiozei.,,,,,,,,"[{""example"": ""formarea bivalenților (tetrade)"", ""feature"": ""perechi de cromozomi omologi""}, {""example"": ""crossing-over"", ""feature"": ""schimb de material genetic între cromatide nesurori la nivelul chiasmelor""}]",,,,,,,,,
A02-STR01,A,A02,structurat,III.2.b,Importanța meiozei,R,2,,Precizați un argument în favoarea afirmației: „Meioza menține constant numărul de cromozomi al speciei”.,,,,,,,,,"Meioza reduce numărul de cromozomi de la 2n la n în gameți, iar prin fecundație zigotul redevine 2n, astfel numărul de cromozomi rămâne constant de la o generație la alta.","[""2n → n în gameți"", ""fecundația reface 2n în zigot""]",,,,,,,
A02-STR02,A,A02,structurat,III.2.b,Variabilitate,U,2,,Explicați contribuția meiozei la creșterea variabilității genetice.,,,,,,,,,"Prin crossing-over (recombinare intracromozomală, în profaza I) și prin dansul cromozomilor (recombinare intercromozomală, în metafaza I) rezultă gameți cu combinații genetice diferite.","[""crossing-over – intracromozomală"", ""dansul cromozomilor – intercromozomală"", ""gameți diferiți genetic""]",,,,,,,
A02-ENU01,A,A02,enunturi,III.1.c,Mitoză/meioză,U,2,,"Construiți patru enunțuri afirmative, câte două pentru fiecare conținut: mitoza; meioza.",,,,,,,,,,,"[""Mitoza are loc în celulele somatice diploide."", ""Prin mitoză dintr-o celulă-mamă 2n rezultă două celule-fiice 2n."", ""Meioza se desfășoară în două etape: reducțională și ecvațională."", ""Meioza formează patru celule-fiice haploide, care dau gameții.""]",,,,,,
A02-MIN01,A,A02,minieseu,III.2.c,Meioza,U,2,,,,,Meioza,,,,,,,,,"Meioza se desfășoară într-o celulă diploidă din organele reproducătoare și are două etape, reducțională și ecvațională. În profaza etapei reducționale are loc crossing-over, care crește variabilitatea genetică. La final rezultă patru celule haploide, care formează gameții.","[""celulă diploidă"", ""etapa reducțională"", ""crossing-over"", ""gameți"", ""haploid"", ""variabilitate genetică""]",,,,
A02-MIN02,A,A02,minieseu,III.2.c,Mitoza,U,2,,,,,Mitoza,,,,,,,,,"Mitoza are loc într-o celulă somatică, după interfază, perioadă în care ADN-ul se dublează. Cromozomii se condensează, se prind de fusul de diviziune și se distribuie în două celule diploide. Procesul asigură creșterea organismului.","[""celulă somatică"", ""interfază"", ""cromozomi"", ""fus de diviziune"", ""celule diploide"", ""creștere""]",,,,
A03-GRI01,A,A03,grila,I.C,Vertebrate,C,1,Subiect bac 2025 I.C.1,Sunt vertebrate:,,,,"[""arahnidele"", ""amfibienii"", ""celenteratele"", ""moluștele""]",1,,,,,,,,,,,,"Vertebratele aparțin încrengăturii cordate: pești, amfibieni, reptile, păsări, mamifere."
A03-GRI02,A,A03,grila,I.C,Regnuri,C,1,Simulare 2026 I.C.1,Briofitele și pteridofitele aparțin regnului:,,,,"[""Fungi"", ""Monera"", ""Plante"", ""Protiste""]",2,,,,,,,,,,,,"Briofitele (mușchi) și pteridofitele (ferigi) sunt plante: avasculare, respectiv vasculare fără flori."
A03-GRI03,A,A03,grila,I.C,Moluște,C,1,Simulare 2026 I.C.2,Cefalopodele sunt:,,,,"[""artropode"", ""celenterate"", ""moluște"", ""nematelminți""]",2,,,,,,,,,,,,"Moluștele au trei clase: gasteropode, lamelibranhiate, cefalopode (sepii, caracatițe)."
A03-GRI04,A,A03,grila,I.C,Virusuri,C,1,Fișe p.15,Virusurile:,,,,"[""au organizare celulară"", ""conțin ADN sau ARN"", ""au metabolism propriu"", ""se multiplică în afara celulei-gazdă""]",1,,,,,,,,,,,,"Sunt entități infecțioase acelulare, fără metabolism propriu, paraziți intracelulari, cu un singur tip de acid nucleic."
A03-GRI05,A,A03,grila,I.C,Virusuri ARN,C,2,Fișe p.15,Virusul care conține ARN este:,,,,"[""virusul variolei"", ""virusul gripal"", ""virusul herpetic"", ""virusul varicelei""]",1,,,,,,,,,,,,"Gripa, HIV și turbarea sunt produse de ribovirusuri (ARN); variola, herpesul, varicela de adenovirusuri (ADN)."
A03-GRI06,A,A03,grila,I.C,Monocotiledonate,C,1,Fișe p.17,Este plantă monocotiledonată:,,,,"[""fasolea"", ""floarea-soarelui"", ""porumbul"", ""cartoful""]",2,,,,,,,,,,,,"Grâul, porumbul, ceapa, lalea sunt monocotiledonate (un cotiledon); fasolea, floarea-soarelui, cartoful sunt dicotiledonate."
A03-GRI07,A,A03,grila,I.C,Gimnosperme,C,1,Fișe p.17,Gimnospermele se caracterizează prin:,,,,"[""semințe închise în fruct"", ""flori cu ovar"", ""semințe golașe"", ""vase lemnoase cu trahee""]",2,,,,,,,,,,,,"Gimnospermele (conifere) au flori incomplete, fără ovar; semințele nu sunt închise în fruct."
A03-GRI08,A,A03,grila,I.C,Euglena,C,2,Fișe p.16,Euglena verde:,,,,"[""este fungi"", ""se deplasează cu ajutorul flagelului"", ""este exclusiv heterotrofă"", ""are perete celular chitinos""]",1,,,,,,,,,,,,"Euglena este protistă: autotrofă la lumină, heterotrofă la întuneric; are stigmă și flagel."
A03-GRI09,A,A03,grila,I.C,Sporozoare,C,2,Fișe p.16,Plasmodiul malariei aparține:,,,,"[""sporozoarelor"", ""bacteriilor"", ""ascomicetelor"", ""algelor verzi""]",0,,,,,,,,,,,,"Sporozoarele sunt protiste imobile, exclusiv parazite; plasmodiul distruge globulele roșii și e transmis de țânțarul Anofel."
A03-GRI10,A,A03,grila,I.C,Ciuperci,C,2,Fișe p.16,Drojdiile și mucegaiul verde-albăstrui (Penicillium) sunt:,,,,"[""bazidiomicete"", ""ascomicete"", ""licheni"", ""protiste""]",1,,,,,,,,,,,,"Ascomicetele cuprind drojdii, Penicillium, Aspergillus, Candida; bazidiomicetele sunt ciupercile cu picior și pălărie."
A03-GRI11,A,A03,grila,I.C,Platelminți,C,2,Fișe p.18,Viermele de gălbează este:,,,,"[""trematod"", ""cestod"", ""nematod"", ""oligochet""]",0,,,,,,,,,,,,Viermele de gălbează (trematod) parazitează ficatul oilor; tenia este cestod; limbricul nematod.
A03-GRI12,A,A03,grila,I.C,Artropode,C,1,Fișe p.18,Păianjenul este:,,,,"[""insectă"", ""crustaceu"", ""arahnidă"", ""moluscă""]",2,,,,,,,,,,,,"Arahnidele includ scorpioni, căpușe, păianjeni."
A03-GRI13,A,A03,grila,I.C,Amfibieni,C,2,Fișe p.18–19,Adulții amfibienilor respiră:,,,,"[""numai prin branhii"", ""pulmonar și cutanat"", ""numai pulmonar"", ""prin trahei""]",1,,,,,,,,,,,,Larvele au respirație branhială; adulții respiră pulmonar și cutanat; fecundația este externă.
A03-GRI14,A,A03,grila,I.C,Reptile,C,1,Fișe p.19,Reptilele au tegument:,,,,"[""subțire, umed, fără solzi"", ""uscat, cu solzi cornoși"", ""cu pene"", ""cu păr""]",1,,,,,,,,,,,,"Tegumentul reptilelor este îngroșat, uscat, cu solzi cornoși sau plăci, fără glande; năpârlesc."
A03-GRI15,A,A03,grila,I.C,Păsări,C,2,Fișe p.19,Păsările sunt:,,,,"[""poichiloterme, cu oase pneumatice"", ""homeoterme, cu oase pneumatice"", ""homeoterme, vivipare"", ""poichiloterme, cu glande mamare""]",1,,,,,,,,,,,,"Păsările sunt homeoterme, ovipare, cu oase pneumatice și stern cu carenă (carenate)."
A03-GRI16,A,A03,grila,I.C,Mamifere,C,2,Fișe p.20,Delfinul și balena fac parte din ordinul:,,,,"[""pinipede"", ""cetacee"", ""rozătoare"", ""primate""]",1,,,,,,,,,,,,"Cetaceele (balene, delfini, cașaloți) sunt mamifere placentare acvatice; focile și morsele sunt pinipede."
A03-GRI17,A,A03,grila,I.C,Păsări acarenate,C,2,Fișe p.19,Este pasăre acarenată:,,,,"[""barza"", ""struțul african"", ""porumbelul"", ""bufnița""]",1,,,,,,,,,,,,"Acarenatele (fără carenă): struț, casuar, kiwi."
A03-GRI18,A,A03,grila,I.C,Alge,C,3,Fișe p.17,Pigmentul brun predominant la algele brune este:,,,,"[""ficoeritrina"", ""fucoxantina"", ""ficocianina"", ""carotenul""]",1,,,,,,,,,,,,"Algele brune (Phaeophyta: Fucus, Sargassum) au clorofilă și fucoxantină; algele roșii au ficoeritrină și ficocianină."
A03-GRI19,A,A03,grila,I.C,Specii ocrotite,C,1,Fișe p.20,Este specie ocrotită în România:,,,,"[""porumbelul"", ""floarea-de-colț"", ""mărul"", ""grâul""]",1,,,,,,,,,,,,"Plante ocrotite: floarea de colț, bujorul românesc, laleaua pestriță, papucul doamnei; animale: dropia, cocoșul de munte, capra neagră."
A03-ADE01,A,A03,adevarat_fals,I.D,Virusuri,C,1,,,Virusurile au organizare celulară.,,,,,False,Virusurile au organizare acelulară.,,,,,,,,,,"Sunt entități infecțioase, parazite intracelular."
A03-ADE02,A,A03,adevarat_fals,I.D,Gimnosperme,C,1,,,Gimnospermele au semințele închise în fruct.,,,,,False,Angiospermele au semințele închise în fruct.,,,,,,,,,,Gimnospermele au semințe golașe.
A03-ADE03,A,A03,adevarat_fals,I.D,Monera,C,1,,,Regnul Monera cuprinde organisme procariote.,,,,,True,,,,,,,,,,,"Bacterii și cianobacterii, cu nucleoid."
A03-ADE04,A,A03,adevarat_fals,I.D,Fungi,C,1,,,Peretele celular al fungilor conține chitină.,,,,,True,,,,,,,,,,,Plante: celuloză; procariote: mureină.
A03-ADE05,A,A03,adevarat_fals,I.D,Moluște,C,1,,,Sepia este o moluscă din clasa gasteropodelor.,,,,,False,Sepia este o moluscă din clasa cefalopodelor.,,,,,,,,,,"Gasteropode: melcul de livadă; cefalopode: sepii, caracatițe."
A03-ADE06,A,A03,adevarat_fals,I.D,Mamifere,C,1,,,Mamiferele sunt vertebrate homeoterme și vivipare.,,,,,True,,,,,,,,,,,"Au glande mamare, fecundație internă."
A03-ADE07,A,A03,adevarat_fals,I.D,Reptile,C,1,,,Reptilele au fecundație externă.,,,,,False,Reptilele au fecundație internă.,,,,,,,,,,"Amfibienii și peștii au, în general, fecundație externă."
A03-ADE08,A,A03,adevarat_fals,I.D,Plasmodiu,C,1,,,Plasmodiul malariei este o bacterie.,,,,,False,Plasmodiul malariei este un sporozoar.,,,,,,,,,,Este protistă parazită; distruge globulele roșii.
A03-COM01,A,A03,completare,I.A,Taxoni,C,1,,,,"Unitatea de bază în clasificarea lumii vii este ............ . Orice organism are un nume format din două cuvinte, numit nomenclatură ............ .",,,,,,"[""specia"", ""binară""]",,,,,,,,,
A03-COM02,A,A03,completare,I.A,Angiosperme,C,1,,,,"Plantele cu semințe închise în fruct se numesc ............, iar cele cu semințe golașe se numesc ............ .",,,,,,"[""angiosperme"", ""gimnosperme""]",,,,,,,,,
A03-COM03,A,A03,completare,I.A,Virusuri,C,1,,,,Virusurile au material genetic reprezentat de o moleculă de ............ sau de ............ .,,,,,,"[""ADN"", ""ARN""]",,,,,,,,,
A03-EXE01,A,A03,exemple_caracteristica,I.B,Clase de vertebrate,C,1,,Dați două exemple de clase de vertebrate; scrieți câte o caracteristică.,,,,,,,,"[{""example"": ""amfibieni"", ""feature"": ""tegument subțire, umed, fără solzi; larvele respiră branhial""}, {""example"": ""reptile"", ""feature"": ""tegument uscat, cu solzi cornoși; fecundație internă""}, {""example"": ""păsări"", ""feature"": ""homeoterme, cu oase pneumatice și aripi""}, {""example"": ""mamifere"", ""feature"": ""au glande mamare și păr; sunt vivipare""}]",,,,,,,,,
A03-EXE02,A,A03,exemple_caracteristica,I.B,Regnuri,C,1,,Dați două exemple de regnuri; scrieți câte o caracteristică.,,,,,,,,"[{""example"": ""Monera"", ""feature"": ""organisme procariote, unicelulare""}, {""example"": ""Fungi"", ""feature"": ""eucariote heterotrofe, cu perete chitinos""}, {""example"": ""Plante"", ""feature"": ""eucariote pluricelulare fotoautotrofe""}]",,,,,,,,,
A03-EXE03,A,A03,exemple_caracteristica,I.B,Insecte,C,1,,Dați două exemple de insecte și o importanță a insectelor.,,,,,,,,"[{""example"": ""albina"", ""feature"": ""produce miere și polenizează florile""}, {""example"": ""fluturele alb al verzei"", ""feature"": ""dăunător al verzei""}]",,,,,,,,,
A03-STR01,A,A03,structurat,III.2.a,Plante,C,1,Fișe p.17,Precizați trei exemple de plante gimnosperme.,,,,,,,,,"Brad, molid, pin (de asemenea tisă, zadă/lariță, ienupăr).","[""trei exemple corecte""]",,,,,,,
A03-STR02,A,A03,structurat,III.2.b,Fungi,U,2,Fișe p.16,Explicați importanța ciupercilor saprofite.,,,,,,,,,"Ciupercile saprofite descompun resturile organice și asigură circuitul materiei în natură; unele sunt folosite în producerea alcoolului, a pâinii și a antibioticelor (penicilina).","[""descompunători"", ""circuitul materiei"", ""aplicații: alcool, antibiotice""]",,,,,,,
A03-ENU01,A,A03,enunturi,III.1.c,Animale,U,2,,"Construiți patru enunțuri afirmative, câte două pentru fiecare conținut: păsările; reptilele.",,,,,,,,,,,"[""Păsările sunt vertebrate homeoterme adaptate zborului."", ""Scheletul păsărilor are oase pneumatice, iar sternul are carenă."", ""Reptilele au tegumentul uscat acoperit cu solzi cornoși."", ""Reptilele au respirație pulmonară și fecundație internă.""]",,,,,,
A03-MIN01,A,A03,minieseu,III.2.c,Virusuri,U,2,,,,,Virusurile,,,,,,,,,"Virusurile sunt entități acelulare, formate din capsidă proteică și un acid nucleic, ADN sau ARN. Ele sunt paraziți intracelulari, care se multiplică numai în celula-gazdă. Bolile produse se numesc viroze, de exemplu gripa.","[""acelular"", ""capsidă"", ""acid nucleic"", ""parazit intracelular"", ""celulă-gazdă"", ""viroză""]",,,,
A04-GRI01,A,A04,grila,I.C,Meristeme,C,1,Fișe p.65,"Țesuturile formate din celule nediferențiate, cu pereți subțiri și capacitate de diviziune, sunt:",,,,"[""definitive"", ""meristematice"", ""conducătoare"", ""de apărare""]",1,,,,,,,,,,,,"Meristemele (țesuturi embrionare) au celule nediferențiate cu citoplasmă abundentă, care se divid."
A04-GRI02,A,A04,grila,I.C,Meristeme apicale,C,1,Fișe p.65,Meristemele apicale asigură:,,,,"[""îngroșarea tulpinii"", ""creșterea în lungime"", ""depozitarea substanțelor"", ""eliminarea apei""]",1,,,,,,,,,,,,Meristemele primare (apicale și intercalare) determină creșterea în lungime a organelor.
A04-GRI03,A,A04,grila,I.C,Vase liberiene,C,2,Fișe p.65,Vasele conducătoare liberiene:,,,,"[""sunt formate din celule moarte"", ""conduc seva brută"", ""au pereți transversali perforați (tuburi ciuruite)"", ""sunt specifice numai gimnospermelor""]",2,,,,,,,,,,,,"Vasele liberiene sunt celule vii, alungite, cu pereți transversali perforați; conduc seva elaborată."
A04-GRI04,A,A04,grila,I.C,Vase lemnoase,C,1,Fișe p.65,Vasele lemnoase conduc:,,,,"[""seva elaborată"", ""seva brută"", ""numai glucide"", ""numai aer""]",1,,,,,,,,,,,,"Vasele lemnoase (celule moarte, cu pereți groși) conduc seva brută: apă și săruri minerale."
A04-GRI05,A,A04,grila,I.C,Epiderma,C,1,Fișe p.65,Țesutul de apărare al plantelor este:,,,,"[""parenchimul asimilator"", ""epiderma"", ""meristemul apical"", ""vasul liberian""]",1,,,,,,,,,,,,"Epiderma este un strat de celule aplatizate acoperite de cuticulă, la periferia organelor."
A04-GRI06,A,A04,grila,I.C,Parenchim asimilator,C,1,Fișe p.65,Parenchimul asimilator este abundent în:,,,,"[""rădăcini tuberizate"", ""frunză"", ""semințele oleaginoase"", ""rizomi""]",1,,,,,,,,,,,,Țesutul asimilator (de exemplu palisadic) conține cloroplaste și realizează fotosinteza în frunză.
A04-GRI07,A,A04,grila,I.C,Parenchim de depozitare,C,1,Fișe p.65,Parenchimul de depozitare se găsește în:,,,,"[""frunzele verzi"", ""morcov, sfeclă, ridiche"", ""vârfurile de creștere"", ""perii secretori""]",1,,,,,,,,,,,,"Abundă în rizomi, bulbi, tuberculi, rădăcini tuberizate și semințe oleaginoase."
A04-GRI08,A,A04,grila,I.C,Țesut secretor,C,1,Fișe p.65,"Produc nectar, rășini, latex celulele țesutului:",,,,"[""conducător"", ""secretor"", ""meristematic"", ""de apărare""]",1,,,,,,,,,,,,"Țesutul secretor: peri secretori, glande nectarifere, canale, cavități."
A04-GRI09,A,A04,grila,I.C,Meristem intercalar,C,2,Fișe p.65,Meristemele intercalare se află:,,,,"[""în vârfurile de creștere"", ""la nivelul nodurilor plantelor cu tulpini articulate"", ""în epidermă"", ""în vasele lemnoase""]",1,,,,,,,,,,,,Meristemele apicale sunt în vârfurile de creștere; cele intercalare la noduri.
A04-GRI10,A,A04,grila,I.C,Celule definitive,C,2,Fișe p.65,Țesuturile definitive sunt formate din celule:,,,,"[""nediferențiate, capabile de diviziune"", ""diferențiate, specializate, fără capacitate de diviziune"", ""numai moarte"", ""numai anucleate""]",1,,,,,,,,,,,,Țesuturile definitive provin din meristeme prin diferențiere celulară.
A04-ADE01,A,A04,adevarat_fals,I.D,Vase lemnoase,C,1,,,Vasele lemnoase sunt formate din celule vii.,,,,,False,Vasele lemnoase sunt formate din celule moarte.,,,,,,,,,,Au pereți puternic îngroșați și conduc seva brută.
A04-ADE02,A,A04,adevarat_fals,I.D,Vase liberiene,C,1,,,Vasele liberiene conduc seva elaborată.,,,,,True,,,,,,,,,,,Substanțele organice preparate în frunze.
A04-ADE03,A,A04,adevarat_fals,I.D,Meristeme,C,1,,,Țesuturile definitive au capacitate de diviziune.,,,,,False,Meristemele au capacitate de diviziune.,,,,,,,,,,Țesuturile definitive nu se mai divid.
A04-ADE04,A,A04,adevarat_fals,I.D,Epidermă,C,1,,,Epiderma este acoperită de cuticulă.,,,,,True,,,,,,,,,,,Rol de apărare.
A04-COM01,A,A04,completare,I.A,Vase conducătoare,C,1,,,,"Vasele ............ conduc seva brută, iar vasele ............ conduc seva elaborată.",,,,,,"[""lemnoase"", ""liberiene""]",,,,,,,,,
A04-COM02,A,A04,completare,I.A,Meristeme,C,1,,,,Meristemele primare sunt ............ și intercalare.,,,,,,"[""apicale""]",,,,,,,,,
A04-EXE01,A,A04,exemple_caracteristica,I.B,Țesuturi definitive,C,1,,Dați două exemple de țesuturi definitive ale plantelor; scrieți câte un rol.,,,,,,,,"[{""example"": ""epiderma"", ""feature"": ""apărarea organelor""}, {""example"": ""parenchimul asimilator"", ""feature"": ""fotosinteză""}, {""example"": ""parenchimul de depozitare"", ""feature"": ""depozitarea substanțelor de rezervă""}, {""example"": ""țesutul conducător"", ""feature"": ""transportul sevelor""}]",,,,,,,,,
A04-EXE02,A,A04,exemple_caracteristica,I.B,Vase conducătoare,C,1,Simulare 2026 I.B,Dați două exemple de vase conducătoare din corpul plantelor; scrieți în dreptul fiecărui vas rolul îndeplinit.,,,,,,,,"[{""example"": ""vasul lemnos"", ""feature"": ""conduce seva brută (apă și săruri minerale)""}, {""example"": ""vasul liberian"", ""feature"": ""conduce seva elaborată (substanțe organice)""}]",,,,,,,,,
A04-STR01,A,A04,structurat,III.2.b,Vase liberiene,R,2,Subiect bac 2025 III.2.b,Scrieți un argument în favoarea afirmației: „Vasele conducătoare liberiene ale plantelor sunt adaptate funcției de conducere”.,,,,,,,,,"Vasele liberiene sunt formate din celule alungite, dispuse cap la cap, cu pereți transversali perforați (tuburi ciuruite), ceea ce permite trecerea sevei elaborate de la o celulă la alta.","[""celule alungite, cap la cap"", ""pereți transversali perforați – tuburi ciuruite""]",,,,,,,
A04-STR02,A,A04,structurat,III.2.a,Tipuri de țesuturi,C,1,,Precizați trei tipuri de țesuturi definitive vegetale.,,,,,,,,,"Țesut de apărare (epiderma), țesut conducător, țesut fundamental (asimilator, de depozitare), țesut secretor.","[""trei tipuri corecte""]",,,,,,,
A04-ENU01,A,A04,enunturi,III.1.c,Țesuturi vegetale,U,2,,"Construiți patru enunțuri afirmative, câte două pentru fiecare conținut: meristemele; vasele liberiene.",,,,,,,,,,,"[""Meristemele sunt țesuturi formate din celule nediferențiate."", ""Meristemele apicale determină creșterea în lungime a plantei."", ""Vasele liberiene conduc seva elaborată."", ""Vasele liberiene sunt formate din celule vii, cu pereți transversali perforați.""]",,,,,,
A04-MIN01,A,A04,minieseu,III.2.c,Țesuturi vegetale,U,2,,,,,Țesuturile vegetale,,,,,,,,,"Meristemele sunt țesuturi embrionare, iar prin diferențiere se formează țesuturile definitive, printre care epiderma de apărare. Vasele lemnoase conduc seva brută, iar vasele liberiene conduc seva elaborată. Celulele diferențiate nu se mai divid.","[""meristem"", ""celule diferențiate"", ""epidermă"", ""vase lemnoase"", ""vase liberiene"", ""seva""]",,,,
A05-GRI01,A,A05,grila,I.C,Epitelii,C,1,Fișe p.62,Țesutul epitelial:,,,,"[""este bogat vascularizat"", ""acoperă corpul și căptușește organele cavitare"", ""conține fibre de colagen în substanța fundamentală"", ""are contracții voluntare""]",1,,,,,,,,,,,,"Epiteliul este nevascularizat; formează epiderma și mucoasele și are rol de protecție, secreție sau recepție."
A05-GRI02,A,A05,grila,I.C,Glande,C,1,Fișe p.62,Glanda endocrină este:,,,,"[""glanda sebacee"", ""tiroida"", ""glanda salivară"", ""glanda sudoripară""]",1,,,,,,,,,,,,"Glandele endocrine (tiroida, hipofiza, suprarenalele) varsă hormonii direct în sânge; sebacee, sudoripare, salivare sunt exocrine."
A05-GRI03,A,A05,grila,I.C,Glande mixte,C,2,Fișe p.62,Sunt glande mixte:,,,,"[""hipofiza și tiroida"", ""pancreasul și gonadele"", ""parotidele și ficatul"", ""suprarenalele și epifiza""]",1,,,,,,,,,,,,"Pancreasul și gonadele (testicul, ovar) au și secreție externă, și internă."
A05-GRI04,A,A05,grila,I.C,Țesut conjunctiv,C,1,"Fișe p.38, 63",Țesutul adipos se găsește:,,,,"[""în miocard"", ""în hipoderm"", ""în mucoasa gastrică"", ""în cortexul cerebral""]",1,,,,,,,,,,,,"Țesutul adipos este un conjunctiv moale din hipoderm, bogat în adipocite."
A05-GRI05,A,A05,grila,I.C,Țesut cartilaginos,C,2,Fișe p.63,Țesutul conjunctiv semidur (cartilaginos):,,,,"[""este vascularizat"", ""este nevascularizat"", ""este țesutul osos compact"", ""conține fibre musculare""]",1,,,,,,,,,,,,"Cartilajul (costal, laringe, trahee, pavilionul urechii) este nevascularizat."
A05-GRI06,A,A05,grila,I.C,Țesut osos,C,2,Fișe p.63,Țesutul osos spongios se află:,,,,"[""în diafiza oaselor lungi"", ""în epifizele oaselor lungi"", ""în cartilajele costale"", ""în piele""]",1,,,,,,,,,,,,Spongiosul (lamele dezordonate) se află în epifizele oaselor lungi și în interiorul oaselor scurte și late; compactul în diafiză.
A05-GRI07,A,A05,grila,I.C,Sânge,C,1,Fișe p.63,Sângele este considerat un țesut:,,,,"[""epitelial"", ""muscular"", ""conjunctiv"", ""nervos""]",2,,,,,,,,,,,,Sângele este un țesut conjunctiv fluid.
A05-GRI08,A,A05,grila,I.C,Țesut muscular neted,C,1,Fișe p.63–64,Țesutul muscular neted:,,,,"[""are contracții rapide, voluntare"", ""se află în pereții organelor interne și ai vaselor"", ""formează miocardul"", ""se fixează pe oase""]",1,,,,,,,,,,,,"Mușchiul neted are contracții lente, involuntare; scheletic = striat, voluntar; cardiac = miocard."
A05-GRI09,A,A05,grila,I.C,Țesut cardiac,C,1,Fișe p.52,Miocardul este alcătuit din țesut:,,,,"[""muscular neted"", ""muscular striat de tip cardiac"", ""conjunctiv lax"", ""epitelial glandular""]",1,,,,,,,,,,,,Miocardul este țesut muscular striat de tip cardiac.
A05-GRI10,A,A05,grila,I.C,Neuron,C,2,Fișe p.64,Axonul neuronului:,,,,"[""conduce impulsul de la periferie spre corpul celular"", ""este scurt și ramificat"", ""conduce impulsul de la centru spre periferie"", ""lipsește la neuronul motor""]",2,,,,,,,,,,,,"Axonul este prelungire unică, lungă, eferentă (centrifugă); dendritele sunt scurte, ramificate, aferente (centripete)."
A05-GRI11,A,A05,grila,I.C,Celule gliale,C,2,Fișe p.64,Celulele gliale:,,,,"[""nu se pot divide"", ""sunt mai puține decât neuronii"", ""au rol trofic și de susținere"", ""conduc impulsul nervos prin axon""]",2,,,,,,,,,,,,"Nevrogliile sunt de ~10 ori mai multe decât neuronii, se pot divide, hrănesc, susțin, izolează; celulele Schwann secretă mielina."
A05-GRI12,A,A05,grila,I.C,Fibre musculare scheletice,C,1,Fișe p.63,Țesutul muscular striat scheletic are contracții:,,,,"[""lente, involuntare"", ""rapide, voluntare"", ""numai involuntare"", ""ritmice, involuntare, în miocard""]",1,,,,,,,,,,,,Mușchii scheletici se contractă rapid și voluntar.
A05-ADE01,A,A05,adevarat_fals,I.D,Epitelii,C,1,,,Țesutul epitelial este bogat vascularizat.,,,,,False,Țesutul epitelial este nevascularizat.,,,,,,,,,,Se hrănește prin difuzie din țesutul conjunctiv.
A05-ADE02,A,A05,adevarat_fals,I.D,Cartilaj,C,1,,,Cartilajul este un țesut conjunctiv semidur.,,,,,True,,,,,,,,,,,"Localizare: laringe, trahee, pavilion."
A05-ADE03,A,A05,adevarat_fals,I.D,Neuroni,C,1,,,Neuronii au capacitate mare de diviziune.,,,,,False,Celulele gliale au capacitate de diviziune.,,,,,,,,,,Neuronii nu se divid.
A05-ADE04,A,A05,adevarat_fals,I.D,Mușchi,C,1,,,Țesutul muscular neted are contracții voluntare.,,,,,False,Țesutul muscular neted are contracții involuntare.,,,,,,,,,,Voluntare sunt contracțiile mușchilor striați scheletici.
A05-ADE05,A,A05,adevarat_fals,I.D,Hematii,C,1,,,Eritrocitele sunt celule anucleate la maturitate.,,,,,True,,,,,,,,,,,Conțin hemoglobină.
A05-COM01,A,A05,completare,I.A,Țesut nervos,C,1,,,,Țesutul nervos este format din ............ și celule ............ .,,,,,,"[""neuroni"", ""gliale""]",,,,,,,,,
A05-COM02,A,A05,completare,I.A,Mușchi,C,1,,,,"Țesutul muscular ............ intră în alcătuirea peretelui inimii, formând ............ .",,,,,,"[""striat de tip cardiac"", ""miocardul""]",,,,,,,,,
A05-EXE01,A,A05,exemple_caracteristica,I.B,Țesuturi epiteliale,C,1,,Dați două exemple de țesuturi epiteliale animale; scrieți câte un rol.,,,,,,,,"[{""example"": ""epiteliul de acoperire"", ""feature"": ""protecție (epiderma, mucoase)""}, {""example"": ""epiteliul glandular"", ""feature"": ""secreție""}, {""example"": ""epiteliul senzorial"", ""feature"": ""recepția stimulilor""}]",,,,,,,,,
A05-EXE02,A,A05,exemple_caracteristica,I.B,Țesuturi conjunctive,C,1,,Dați două exemple de țesuturi conjunctive; scrieți câte o localizare.,,,,,,,,"[{""example"": ""țesutul osos"", ""feature"": ""oasele""}, {""example"": ""țesutul cartilaginos"", ""feature"": ""laringe, trahee, pavilionul urechii""}, {""example"": ""țesutul adipos"", ""feature"": ""hipoderm""}]",,,,,,,,,
A05-STR01,A,A05,structurat,III.2.a,Țesuturi epiteliale,C,1,Subiect bac 2025 III.2.a,Precizați trei tipuri de țesuturi animale epiteliale.,,,,,,,,,"De acoperire, glandular, senzorial.","[""trei tipuri: acoperire, glandular, senzorial""]",,,,,,,
A05-STR02,A,A05,structurat,III.2.b,Glande,U,2,,Explicați de ce pancreasul este o glandă mixtă.,,,,,,,,,Pancreasul are secreție exocrină (suc pancreatic vărsat în duoden) și secreție endocrină (hormoni vărsați în sânge).,"[""exocrin: suc pancreatic în duoden"", ""endocrin: hormoni în sânge""]",,,,,,,
A05-ENU01,A,A05,enunturi,III.1.c,Țesuturi,U,2,,"Construiți patru enunțuri afirmative, câte două pentru fiecare conținut: țesutul osos; neuronul.",,,,,,,,,,,"[""Țesutul osos este un țesut conjunctiv dur."", ""Țesutul osos compact se află în diafiza oaselor lungi."", ""Neuronul este unitatea structurală și funcțională a sistemului nervos."", ""Axonul conduce impulsul nervos de la centru spre periferie.""]",,,,,,
A05-MIN01,A,A05,minieseu,III.2.c,Țesutul muscular,U,2,,,,,Țesutul muscular,,,,,,,,,"Țesutul muscular este format din fibre musculare capabile de contracție. Mușchii scheletici sunt striați și se contractă voluntar, iar mușchii netezi din organele interne au contracții involuntare. Țesutul striat de tip cardiac formează miocardul.","[""fibră musculară"", ""contracție"", ""striat"", ""neted"", ""miocard"", ""voluntar""]",,,,
A05-MIN02,A,A05,minieseu,III.2.c,Țesutul nervos,U,2,,,,,Țesutul nervos,,,,,,,,,"Țesutul nervos este format din neuroni și celule gliale. Neuronul are dendrite, care conduc impulsul nervos spre corpul celular, și un axon, care îl conduce spre periferie. Legătura dintre neuroni se numește sinapsă, iar celulele gliale hrănesc și susțin neuronii.","[""neuron"", ""dendrite"", ""axon"", ""sinapsă"", ""celule gliale"", ""impuls nervos""]",,,,
A06-GRI01,A,A06,grila,I.C,Ecuația fotosintezei,C,1,Fișe p.22,Ecuația chimică a fotosintezei este:,,,,"[""C6H12O6 + 6O2 → 6CO2 + 6H2O"", ""6CO2 + 6H2O → C6H12O6 + 6O2"", ""6O2 + 6H2O → C6H12O6 + 6CO2"", ""C6H12O6 → 2C2H5OH + 2CO2""]",1,,,,,,,,,,,,"Din dioxid de carbon și apă, la lumină, se sintetizează glucoză și se eliberează oxigen."
A06-GRI02,A,A06,grila,I.C,Locul fotosintezei,C,1,Fișe p.22,Fotosinteza se desfășoară în:,,,,"[""mitocondrii"", ""cloroplaste"", ""lizozomi"", ""ribozomi""]",1,,,,,,,,,,,,În cloroplaste se găsesc pigmenții clorofilieni.
A06-GRI03,A,A06,grila,I.C,Faza de lumină,C,1,Fișe p.22,Faza de lumină a fotosintezei se desfășoară în:,,,,"[""stromă"", ""grana (membrana tilacoidelor)"", ""matrix"", ""citoplasma fundamentală""]",1,,,,,,,,,,,,"În grana, pigmenții absorb lumina; are loc fotoliza apei, cu eliberare de O2 și formare de ATP."
A06-GRI04,A,A06,grila,I.C,Faza de întuneric,C,2,Fișe p.23,Faza de întuneric a fotosintezei:,,,,"[""are loc în grana"", ""sintetizează substanțe organice folosind energia din ATP"", ""eliberează oxigenul"", ""are loc numai noaptea""]",1,,,,,,,,,,,,Se desfășoară în stromă; folosește CO2 ca sursă de carbon și energia chimică din ATP.
A06-GRI05,A,A06,grila,I.C,Pigmenți,C,3,Fișe p.22,Care clorofilă poate converti energia luminoasă în energie chimică?,,,,"[""clorofila a"", ""clorofila b"", ""ambele în mod egal"", ""niciuna""]",0,,,,,,,,,,,,"Ambele clorofile absorb lumina, dar numai clorofila a o poate converti în energie chimică."
A06-GRI06,A,A06,grila,I.C,Oxigenul fotosintezei,U,2,Fișe p.22,Oxigenul eliberat în fotosinteză provine din:,,,,"[""dioxidul de carbon"", ""fotoliza apei"", ""glucoză"", ""aerul din stomate""]",1,,,,,,,,,,,,În faza de lumină apa se descompune (fotoliza) și se eliberează O2.
A06-GRI07,A,A06,grila,I.C,Evidențierea,A,2,Fișe p.22,Fotosinteza poate fi evidențiată după:,,,,"[""O2 consumat"", ""CO2 produs"", ""O2 eliberat"", ""apa eliminată prin stomate""]",2,,,,,,,,,,,,"Se evidențiază după CO2 absorbit, substanțe organice produse sau O2 eliberat; respirația, după O2 consumat și CO2 produs."
A06-GRI08,A,A06,grila,I.C,Importanța fotosintezei,C,1,Fișe p.23,Care este o importanță a fotosintezei?,,,,"[""consumul oxigenului din atmosferă"", ""conversia energiei luminoase în energie chimică"", ""eliberarea CO2 în atmosferă"", ""descompunerea substanțelor organice""]",1,,,,,,,,,,,,"Fotosinteza produce substanțe organice, eliberează O2 și absoarbe CO2 (purificarea atmosferei)."
A06-GRI09,A,A06,grila,I.C,Frunza,U,2,Fișe p.22,Particularitate a frunzei adaptată fotosintezei:,,,,"[""lipsa stomatelor"", ""țesut asimilator bogat în cloroplaste"", ""pereți groși, lignificați"", ""absența vaselor conducătoare""]",1,,,,,,,,,,,,"Frunza are suprafață mare, epidermă cu stomate, țesut asimilator și vase conducătoare."
A06-ADE01,A,A06,adevarat_fals,I.D,Fotosinteza,C,1,Simulare 2026 I.D.2,,"În procesul de fotosinteză, plantele transformă substanțele organice în substanțe anorganice, eliberând oxigen în atmosferă.",,,,,False,"În procesul de fotosinteză, plantele transformă substanțele anorganice în substanțe organice, eliberând oxigen în atmosferă.",,,,,,,,,,CO2 și apa sunt substanțe anorganice; glucoza este organică.
A06-ADE02,A,A06,adevarat_fals,I.D,Faza de lumină,C,1,,,Faza de lumină a fotosintezei are loc în stroma cloroplastelor.,,,,,False,Faza de lumină a fotosintezei are loc în grana cloroplastelor.,,,,,,,,,,Stroma este sediul fazei de întuneric.
A06-ADE03,A,A06,adevarat_fals,I.D,Clorofila,C,1,,,Clorofila a poate converti energia luminoasă în energie chimică.,,,,,True,,,,,,,,,,,Clorofila b doar absoarbe lumina.
A06-ADE04,A,A06,adevarat_fals,I.D,Sursa de carbon,C,1,,,Sursa de carbon în fotosinteză este CO2 atmosferic.,,,,,True,,,,,,,,,,,Folosit în faza de întuneric.
A06-COM01,A,A06,completare,I.A,Fotosinteza,C,1,Model după subiect bac 2025 I.A,,,Procesul de ............ poate fi evidențiat după substanțele organice sintetizate și după ............ eliberat.,,,,,,"[""fotosinteză"", ""oxigenul""]",,,,,,,,,
A06-COM02,A,A06,completare,I.A,Fotosinteza,C,1,,,,"În fotosinteză, plantele folosesc ca sursă de energie energia ............ și ca sursă de carbon ............ atmosferic.",,,,,,"[""luminoasă"", ""CO2 (dioxidul de carbon)""]",,,,,,,,,
A06-EXE01,A,A06,exemple_caracteristica,I.B,Faze,C,1,,Dați două exemple de faze ale fotosintezei; scrieți câte o caracteristică.,,,,,,,,"[{""example"": ""faza de lumină"", ""feature"": ""are loc în grana; fotoliza apei; se eliberează O2 și ATP""}, {""example"": ""faza de întuneric"", ""feature"": ""are loc în stromă; sinteza substanțelor organice din CO2""}]",,,,,,,,,
A06-EXE02,A,A06,exemple_caracteristica,I.B,Importanță,C,1,,Dați două exemple de importanță a fotosintezei.,,,,,,,,"[{""example"": ""conversia energiei"", ""feature"": ""energia luminoasă devine energie chimică""}, {""example"": ""eliberarea oxigenului"", ""feature"": ""necesar respirației""}, {""example"": ""purificarea atmosferei"", ""feature"": ""prin absorbția CO2""}]",,,,,,,,,
A06-STR01,A,A06,structurat,III.1.b,Fotosinteza,U,2,,Explicați de ce frunza este organul specializat în fotosinteză.,,,,,,,,,"Frunza are suprafață mare de captare a luminii, epidermă cu stomate pentru schimbul de gaze, țesut asimilator bogat în cloroplaste cu clorofilă și vase conducătoare pentru apă și substanțe organice.","[""suprafață mare"", ""stomate"", ""țesut asimilator cu cloroplaste"", ""vase conducătoare""]",,,,,,,
A06-STR02,A,A06,structurat,II.A.a,Fotosinteza,C,1,,Precizați două substanțe necesare fotosintezei și două produse ale ei.,,,,,,,,,Necesare: apa și dioxidul de carbon (și lumina ca energie). Produse: glucoza (substanțe organice) și oxigenul.,"[""două reactanți: H2O, CO2"", ""două produse: substanțe organice, O2""]",,,,,,,
A06-ENU01,A,A06,enunturi,III.1.c,Fotosinteza,U,2,,"Construiți patru enunțuri afirmative, câte două pentru fiecare conținut: faza de lumină; faza de întuneric.",,,,,,,,,,,"[""Faza de lumină are loc în grana cloroplastelor."", ""În faza de lumină are loc fotoliza apei, cu eliberare de oxigen."", ""Faza de întuneric se desfășoară în stroma cloroplastelor."", ""În faza de întuneric se sintetizează substanțe organice din CO2.""]",,,,,,
A06-MIN01,A,A06,minieseu,III.2.c,Fotosinteza,U,2,,,,,Fotosinteza,,,,,,,,,"Fotosinteza se desfășoară în cloroplaste, unde clorofila absoarbe energia luminoasă. Din dioxid de carbon și apă se sintetizează glucoză, iar planta eliberează oxigen. Procesul transformă energia luminoasă în energie chimică.","[""cloroplast"", ""clorofilă"", ""energie luminoasă"", ""dioxid de carbon"", ""glucoză"", ""oxigen""]",,,,
A07-GRI01,A,A07,grila,I.C,Saprofitism,C,1,Fișe p.23,Nutriția saprofită se caracterizează prin:,,,,"[""sinteza substanțelor organice din CO2"", ""preluarea substanțelor organice dizolvate din resturi organice"", ""obținerea hranei de la un organism viu"", ""asociere cu avantaj reciproc""]",1,,,,,,,,,,,,Saprofitele (unele bacterii și ciuperci) își iau substanțele organice dizolvate din substraturi organice moarte.
A07-GRI02,A,A07,grila,I.C,Paraziți,C,2,Fișe p.23,Haustorii sunt prelungiri ale:,,,,"[""rădăcinilor plantelor autotrofe"", ""plantelor parazite, care pătrund în vasele liberiene ale gazdei"", ""ciupercilor saprofite"", ""lichenilor""]",1,,,,,,,,,,,,Torțelul (Cuscuta) și lupoaia au pierdut clorofila și extrag substanțe organice prin haustori.
A07-GRI03,A,A07,grila,I.C,Licheni,C,1,Fișe p.23,Lichenii sunt asocieri între:,,,,"[""două ciuperci"", ""o algă (sau cianobacterie) și o ciupercă"", ""o bacterie și o plantă"", ""un mușchi și o algă""]",1,,,,,,,,,,,,Lichenii sunt un exemplu de simbioză (mutualism).
A07-GRI04,A,A07,grila,I.C,Ciuperci parazite,C,1,Fișe p.23,Este ciupercă parazită a cerealelor:,,,,"[""drojdia de bere"", ""rugina grâului"", ""Penicillium"", ""Mycoderma aceti""]",1,,,,,,,,,,,,"Rugina grâului, mana viței de vie, cornul secarei, tăciunele porumbului sunt ciuperci parazite."
A07-GRI05,A,A07,grila,I.C,Penicilină,C,1,Fișe p.23,Penicilina se obține din:,,,,"[""drojdia de vin"", ""mucegaiul verde-albăstrui"", ""rugina grâului"", ""lichenul renului""]",1,,,,,,,,,,,,Penicillium (ascomicet saprofit) produce penicilina.
A07-GRI06,A,A07,grila,I.C,Mixotrofie,C,1,Fișe p.23,Nutriția în care două organisme se ajută reciproc se numește:,,,,"[""saprofită"", ""parazită"", ""simbiontă"", ""autotrofă""]",2,,,,,,,,,,,,Simbioza = mutualism.
A07-GRI07,A,A07,grila,I.C,Rol ecologic,U,2,"Fișe p.16, 23",Bacteriile saprofite au rol în:,,,,"[""producerea de substanțe organice din CO2"", ""reciclarea carbonului, azotului, fosforului"", ""fotosinteză"", ""producerea oxigenului""]",1,,,,,,,,,,,,Descompun resturile organice și asigură circuitul materiei.
A07-ADE01,A,A07,adevarat_fals,I.D,Torțel,C,1,,,Torțelul (Cuscuta) este o plantă parazită.,,,,,True,,,,,,,,,,,Extrage substanțe organice cu haustori.
A07-ADE02,A,A07,adevarat_fals,I.D,Licheni,C,1,,,Lichenii sunt formați dintr-o algă și o bacterie.,,,,,False,Lichenii sunt formați dintr-o algă și o ciupercă.,,,,,,,,,,Simbioză algă (sau cianobacterie) + ciupercă.
A07-ADE03,A,A07,adevarat_fals,I.D,Saprofite,C,1,,,Ciupercile saprofite se hrănesc pe seama organismelor vii.,,,,,False,Ciupercile parazite se hrănesc pe seama organismelor vii.,,,,,,,,,,Saprofitele folosesc substanțe organice dizolvate din resturi.
A07-COM01,A,A07,completare,I.A,Simbioză,C,1,,,,Relația dintre două organisme bazată pe ajutor reciproc se numește ............ sau ............ .,,,,,,"[""simbioză"", ""mutualism""]",,,,,,,,,
A07-COM02,A,A07,completare,I.A,Plante parazite,C,1,,,,Plantele parazite își extrag substanțele organice din vasele ............ ale gazdei cu ajutorul ............ .,,,,,,"[""liberiene"", ""haustorilor""]",,,,,,,,,
A07-EXE01,A,A07,exemple_caracteristica,I.B,Tipuri de nutriție,C,1,,Dați două exemple de tipuri de nutriție heterotrofă; scrieți câte un exemplu de organism.,,,,,,,,"[{""example"": ""saprofită"", ""feature"": ""drojdia de bere / mucegaiul comun""}, {""example"": ""parazită"", ""feature"": ""rugina grâului / torțelul""}, {""example"": ""simbiontă"", ""feature"": ""lichenii""}]",,,,,,,,,
A07-STR01,A,A07,structurat,III.1.b,Nutriție parazită,U,2,,Explicați cum se hrănește torțelul (Cuscuta).,,,,,,,,,Torțelul este o plantă parazită care și-a pierdut clorofila; prin haustori pătrunde în vasele liberiene ale gazdei și extrage substanțele organice.,"[""parazit fără clorofilă"", ""haustori"", ""vase liberiene ale gazdei""]",,,,,,,
A07-ENU01,A,A07,enunturi,III.1.c,Nutriție,U,2,,"Construiți patru enunțuri afirmative, câte două pentru fiecare conținut: nutriția saprofită; lichenii.",,,,,,,,,,,"[""Nutriția saprofită este caracteristică unor bacterii și ciuperci."", ""Saprofitele descompun resturile organice și asigură circuitul materiei."", ""Lichenii sunt asocieri între o algă și o ciupercă."", ""Lichenii sunt un exemplu de simbioză.""]",,,,,,
A07-MIN01,A,A07,minieseu,III.2.c,Heterotrofia,U,2,,,,,Nutriția heterotrofă,,,,,,,,,"Nutriția heterotrofă poate fi saprofită, parazită sau simbiontă. Saprofitele iau substanțe organice din resturi, iar paraziții le iau de la o gazdă vie. Ciuperca și alga din licheni trăiesc în simbioză.","[""saprofit"", ""parazit"", ""simbioză"", ""ciupercă"", ""substanțe organice"", ""gazdă""]",,,,
A08-GRI01,A,A08,grila,I.C,Bila și sucul pancreatic,U,2,Subiect bac 2025 I.C.5,Bila și sucul pancreatic au în comun următoarea caracteristică:,,,,"[""conțin lipaze cu rol în digestia lipidelor emulsionate"", ""participă la digestia intestinală a alimentelor"", ""sunt sucuri digestive lipsite de enzime"", ""transformă chimic oligopeptidele în aminoacizi""]",1,,,,,,,,,,,,"Ambele se varsă în duoden și participă la digestia intestinală; bila nu conține enzime, iar sucul pancreatic conține enzime (tripsină, lipază, amilază)."
A08-GRI02,A,A08,grila,I.C,Bila,C,1,Fișe p.9,Bila:,,,,"[""conține enzime lipolitice"", ""conține săruri biliare cu rol în emulsionarea grăsimilor"", ""se produce în vezica biliară"", ""este secretată de pancreas""]",1,,,,,,,,,,,,"Ficatul secretă bila, care se acumulează în vezica biliară; sărurile biliare emulsionează și facilitează absorbția grăsimilor; bila nu conține enzime."
A08-GRI03,A,A08,grila,I.C,Amilaza salivară,C,1,Fișe p.8–9,Digestia glucidelor începe în:,,,,"[""stomac"", ""cavitatea bucală"", ""duoden"", ""intestinul gros""]",1,,,,,,,,,,,,Amilaza salivară (ptialina) descompune glucidele până la dextrine și maltoză.
A08-GRI04,A,A08,grila,I.C,Pepsina,C,1,Fișe p.8,Pepsina din sucul gastric hidrolizează:,,,,"[""glucidele"", ""lipidele"", ""proteinele până la albumoze și peptone"", ""acizii nucleici""]",2,,,,,,,,,,,,Sucul gastric conține enzime proteolitice (pepsina).
A08-GRI05,A,A08,grila,I.C,Intestinul subțire,C,1,Fișe p.8,Absorbția nutrimentelor se realizează predominant la nivelul:,,,,"[""stomacului"", ""intestinului subțire"", ""esofagului"", ""rectului""]",1,,,,,,,,,,,,La nivelul intestinului subțire se încheie digestia și are loc absorbția.
A08-GRI06,A,A08,grila,I.C,Glande anexe,C,1,Fișe p.7,Sunt glande anexe ale tubului digestiv:,,,,"[""tiroida și hipofiza"", ""glandele salivare, ficatul, pancreasul"", ""suprarenalele și timusul"", ""glandele sudoripare""]",1,,,,,,,,,,,,"Glandele anexe: salivare (parotide, sublinguale, submandibulare), ficat, pancreas exocrin."
A08-GRI07,A,A08,grila,I.C,Stomac rumegătoare,C,2,Fișe p.8,Stomacul tetracameral al rumegătoarelor este alcătuit din:,,,,"[""burduf, ciur, foios, cheag"", ""cardia, fund, corp, pilor"", ""duoden, jejun, ileon, cecum"", ""colon, rect, cecum, apendice""]",0,,,,,,,,,,,,La ierbivorele rumegătoare hrana trece: cavitate bucală → burduf → ciur → cavitate bucală (rumegat) → foios → cheag.
A08-GRI08,A,A08,grila,I.C,Lungimea intestinului,C,2,Fișe p.8,Intestinul subțire este lung la:,,,,"[""carnivore"", ""ierbivore"", ""omnivore"", ""păsări""]",1,,,,,,,,,,,,"Este scurt la carnivore, mediu la omnivore, lung la ierbivore."
A08-GRI09,A,A08,grila,I.C,Duoden,C,2,Fișe p.8,Duodenul:,,,,"[""este porțiunea mobilă, cu anse intestinale"", ""are formă de potcoavă, în care se varsă secrețiile pancreasului și ficatului"", ""se deschide în esofag"", ""este un segment al intestinului gros""]",1,,,,,,,,,,,,Duodenul este porțiunea fixă a intestinului subțire.
A08-GRI10,A,A08,grila,I.C,Intestin gros,C,1,Fișe p.8,Intestinul gros cuprinde:,,,,"[""duoden, jejun, ileon"", ""cecum, colon, rect"", ""faringe, esofag, stomac"", ""ficat, pancreas, vezică biliară""]",1,,,,,,,,,,,,La nivelul său au loc fermentații și putrefacții; se formează materiile fecale.
A08-GRI11,A,A08,grila,I.C,Digestie intracelulară,C,1,Fișe p.7,Digestia intracelulară este caracteristică:,,,,"[""mamiferelor"", ""protozoarelor și spongierilor"", ""păsărilor"", ""reptilelor""]",1,,,,,,,,,,,,"Se realizează prin fagocitoză și pinocitoză, cu vacuole digestive; la protozoare, spongieri, celenterate și unele celule animale (leucocite)."
A08-GRI12,A,A08,grila,I.C,Ficat,C,1,Fișe p.9,Ficatul:,,,,"[""este situat în cavitatea toracică"", ""este localizat subdiafragmatic, în loja hepatică"", ""produce suc pancreatic"", ""nu secretă nimic""]",1,,,,,,,,,,,,"Ficatul (~1500 g) este în cavitatea abdominală, subdiafragmatic."
A08-GRI13,A,A08,grila,I.C,Pancreas,C,1,Fișe p.9,Pancreasul exocrin produce:,,,,"[""bila"", ""sucul pancreatic cu tripsină, lipază și amilază"", ""sucul gastric"", ""saliva""]",1,,,,,,,,,,,,"Sucul pancreatic conține enzime proteolitice, lipolitice și glicolitice."
A08-GRI14,A,A08,grila,I.C,Ulcer,C,2,Fișe p.9,Una dintre cauzele ulcerului gastroduodenal este:,,,,"[""virusul hepatitic A"", ""bacteria Helicobacter pylori și acțiunea corozivă a HCl"", ""bacilul Koch"", ""ciuperca Candida""]",1,,,,,,,,,,,,"Ulcerul: leziuni ale mucoasei, apărând arsuri, foame dureroasă; la nivelul ulcerațiilor se găsesc bacterii rezistente la HCl."
A08-GRI15,A,A08,grila,I.C,Hepatita,C,2,Fișe p.10,Hepatita virală A se transmite prin:,,,,"[""sânge contaminat"", ""alimente contaminate și mâini nespălate"", ""relații sexuale"", ""aerul expirat""]",1,,,,,,,,,,,,"Virusurile B și C se transmit prin sânge contaminat, salivă, spermă."
A08-GRI16,A,A08,grila,I.C,Sărurile biliare,U,2,Fișe p.9,Sărurile biliare au rol în:,,,,"[""digestia proteinelor"", ""emulsionarea și absorbția grăsimilor"", ""digestia glucidelor"", ""neutralizarea HCl""]",1,,,,,,,,,,,,"Bila nu are enzime, dar emulsionează lipidele, ușurând acțiunea lipazelor."
A08-ADE01,A,A08,adevarat_fals,I.D,Bila,C,1,,,Bila conține enzime proteolitice.,,,,,False,Sucul pancreatic conține enzime proteolitice.,,,,,,,,,,"Bila conține săruri biliare, nu enzime."
A08-ADE02,A,A08,adevarat_fals,I.D,Saliva,C,1,,,Saliva conține amilază salivară.,,,,,True,,,,,,,,,,,Începe digestia glucidelor în cavitatea bucală.
A08-ADE03,A,A08,adevarat_fals,I.D,Stomac,C,1,,,Stomacul omnivorelor (porcul) este foarte voluminos.,,,,,False,Stomacul omnivorelor (porcul) este redus ca dimensiune.,,,,,,,,,,Este voluminos la ierbivore și carnivore prădătoare.
A08-ADE04,A,A08,adevarat_fals,I.D,Hepatita,C,1,,,Hepatita virală acută este cauzată de bacterii.,,,,,False,Hepatita virală acută este cauzată de virusuri.,,,,,,,,,,"Virusuri hepatice A, B, C."
A08-ADE05,A,A08,adevarat_fals,I.D,Intestin subțire,C,1,,,La nivelul intestinului subțire se încheie digestia și are loc absorbția nutrimentelor.,,,,,True,,,,,,,,,,,Prin vilozități (mucoasă) nutrimentele trec în sânge sau limfă.
A08-ADE06,A,A08,adevarat_fals,I.D,Faringe,C,1,,,Faringele este locul de intersecție dintre calea digestivă și cea respiratorie.,,,,,True,,,,,,,,,,,
A08-ADE07,A,A08,adevarat_fals,I.D,Digestie,C,1,,,Digestia glucidelor produce aminoacizi.,,,,,False,Digestia proteinelor produce aminoacizi.,,,,,,,,,,Glucide → glucoză; lipide → acizi grași + glicerol.
A08-COM01,A,A08,completare,I.A,Digestie,C,1,,,,"Digestia glucidelor produce ............, iar digestia proteinelor produce ............ .",,,,,,"[""glucoză"", ""aminoacizi""]",,,,,,,,,
A08-COM02,A,A08,completare,I.A,Enzime,C,1,,,,Amilaza este o enzimă ............ care digeră ............ .,,,,,,"[""glicolitică (amilolitică)"", ""glucidele""]",,,,,,,,,
A08-COM03,A,A08,completare,I.A,Stomac,C,1,,,,"Stomacul rumegătoarelor este alcătuit din patru camere: burduf, ciur, foios și ............ .",,,,,,"[""cheag""]",,,,,,,,,
A08-EXE01,A,A08,exemple_caracteristica,I.B,Glande anexe,C,1,,Dați două exemple de glande anexe ale tubului digestiv; scrieți câte un rol.,,,,,,,,"[{""example"": ""glandele salivare"", ""feature"": ""secretă saliva cu amilază, care începe digestia glucidelor""}, {""example"": ""ficatul"", ""feature"": ""secretă bila, care emulsionează grăsimile""}, {""example"": ""pancreasul exocrin"", ""feature"": ""secretă suc pancreatic cu enzime pentru glucide, lipide, proteine""}]",,,,,,,,,
A08-EXE02,A,A08,exemple_caracteristica,I.B,Segmente ale tubului digestiv,C,1,,Dați două exemple de segmente ale tubului digestiv; scrieți câte o caracteristică.,,,,,,,,"[{""example"": ""stomacul"", ""feature"": ""organ cavitar în cavitatea abdominală; în el are loc digestia gastrică cu pepsină""}, {""example"": ""duodenul"", ""feature"": ""formă de potcoavă; în el se varsă bila și sucul pancreatic""}, {""example"": ""intestinul gros"", ""feature"": ""cecum, colon, rect; se formează materiile fecale""}]",,,,,,,,,
A08-STR01,A,A08,structurat,II.A.a,Boli digestive,C,2,Model după simulare 2026 II.A.a,"Numiți o boală a sistemului digestiv la om (la alegere) precizând: o cauză, o manifestare, două măsuri de prevenire.",,,,,,,,,"Exemplu – gastrita: cauză – iritații produse de alcool, tutun, alimente condimentate sau alterate; manifestare – greață, dureri gastrice, vărsături; prevenire – evitarea alcoolului și a alimentelor alterate, alimentație echilibrată.","[""boală corectă"", ""o cauză"", ""o manifestare"", ""două măsuri de prevenire""]",,,,,,,
A08-STR02,A,A08,structurat,III.1.b,Rolul bilei,U,2,Fișe p.9,Explicați rolul bilei în digestia lipidelor.,,,,,,,,,Bila conține săruri biliare care emulsionează grăsimile și ușurează acțiunea lipazelor și absorbția lor; bila nu conține enzime.,"[""săruri biliare"", ""emulsionarea lipidelor"", ""nu are enzime""]",,,,,,,
A08-STR03,A,A08,structurat,II.A.b,Intestin subțire,U,2,,Explicați rolul intestinului subțire în nutriția organismului.,,,,,,,,,"La nivelul intestinului subțire se încheie digestia chimică, sub acțiunea sucului intestinal, a bilei și a sucului pancreatic, și are loc absorbția nutrimentelor în sânge și limfă.","[""finalizarea digestiei"", ""sucuri digestive"", ""absorbția nutrimentelor""]",,,,,,,
A08-ENU01,A,A08,enunturi,III.1.c,Digestie,U,2,,"Construiți patru enunțuri afirmative, câte două pentru fiecare conținut: ficatul; pancreasul.",,,,,,,,,,,"[""Ficatul este situat subdiafragmatic, în loja hepatică."", ""Ficatul secretă bila, care emulsionează grăsimile."", ""Pancreasul este o glandă mixtă."", ""Sucul pancreatic conține enzime proteolitice, lipolitice și glicolitice.""]",,,,,,
A08-ENU02,A,A08,enunturi,III.1.c,Digestie,U,2,,"Construiți patru enunțuri afirmative, câte două pentru fiecare conținut: stomacul; intestinul gros.",,,,,,,,,,,"[""Stomacul este un organ cavitar situat în cavitatea abdominală."", ""În stomac, pepsina hidrolizează proteinele până la albumoze și peptone."", ""Intestinul gros este alcătuit din cecum, colon și rect."", ""În intestinul gros se formează materiile fecale.""]",,,,,,
A08-MIN01,A,A08,minieseu,III.2.c,Digestia,U,2,,,,,Digestia,,,,,,,,,"Digestia se desfășoară în tubul digestiv, cu participarea glandelor anexe, care secretă sucuri digestive cu enzime. Bila nu conține enzime, dar emulsionează grăsimile. Nutrimentele rezultate sunt absorbite în intestinul subțire.","[""tub digestiv"", ""glande anexe"", ""enzime"", ""nutrimente"", ""absorbție"", ""bila""]",,,,
A09-GRI01,A,A09,grila,I.C,Ecuația respirației aerobe,C,1,Fișe p.47,Ecuația chimică a respirației aerobe este:,,,,"[""6CO2 + 6H2O → C6H12O6 + 6O2"", ""C6H12O6 + 6O2 → 6CO2 + 6H2O + energie"", ""C6H12O6 → 2C2H5OH + 2CO2 + energie"", ""C2H5OH + O2 → CH3COOH + H2O""]",1,,,,,,,,,,,,"Oxidarea completă a glucozei, în prezența oxigenului, cu eliberare de energie stocată în ATP."
A09-GRI02,A,A09,grila,I.C,Locul respirației,C,1,Fișe p.47,Respirația aerobă celulară se desfășoară în:,,,,"[""cloroplaste"", ""mitocondrii"", ""ribozomi"", ""nucleu""]",1,,,,,,,,,,,,Mitocondriile sunt sediul respirației celulare.
A09-GRI03,A,A09,grila,I.C,Respirația anaerobă,C,1,Fișe p.47,Respirația anaerobă:,,,,"[""are loc în prezența oxigenului"", ""constă în oxidarea parțială a substanțelor organice"", ""eliberează o cantitate mare de energie"", ""este caracteristică păsărilor""]",1,,,,,,,,,,,,"Oxidarea este incompletă, energia eliberată este mică; caracteristică ciupercilor, bacteriilor, temporar țesuturilor plantelor superioare inundate."
A09-GRI04,A,A09,grila,I.C,Fermentația alcoolică,C,1,Fișe p.48,Fermentația alcoolică este produsă de:,,,,"[""bacteriile lactice"", ""drojdii"", ""bacteriile acetice"", ""cianobacterii""]",1,,,,,,,,,,,,Glucoza este transformată în alcool etilic; aplicații: pâine și băuturi alcoolice.
A09-GRI05,A,A09,grila,I.C,Fermentația lactică,C,1,Fișe p.48,Prin fermentație lactică glucoza se transformă în:,,,,"[""alcool etilic"", ""acid lactic"", ""acid acetic"", ""CO2 și apă""]",1,,,,,,,,,,,,"Agenți: bacteriile lactice; aplicații: acrirea laptelui, murături."
A09-GRI06,A,A09,grila,I.C,Fermentația acetică,C,2,Fișe p.48,Fermentația acetică:,,,,"[""este un proces anaerob"", ""transformă alcoolul etilic în acid acetic în prezența O2"", ""este produsă de drojdii"", ""transformă glucoza în acid lactic""]",1,,,,,,,,,,,,"Este atipică, fiind aerobă; agenți: bacterii acetice (Mycoderma aceti); aplicație: oțetul."
A09-GRI07,A,A09,grila,I.C,Evidențierea respirației,A,2,Fișe p.47,Respirația la plante poate fi evidențiată după:,,,,"[""O2 eliberat"", ""CO2 produs"", ""substanța organică sintetizată"", ""CO2 absorbit""]",1,,,,,,,,,,,,"Se evidențiază după consumul de substanță organică, consumul de O2 și CO2 produs."
A09-GRI08,A,A09,grila,I.C,Energie,C,1,Fișe p.47,Energia eliberată în respirație este înmagazinată în:,,,,"[""clorofilă"", ""ATP"", ""amidon"", ""ADN""]",1,,,,,,,,,,,,ATP (adenozintrifosfat) este substanță macroergică.
A09-GRI09,A,A09,grila,I.C,Respirația plantelor,C,2,Fișe p.48,Respirația este intensă la plante în:,,,,"[""rădăcinile mature lignificate"", ""frunze, flori, meristeme active"", ""cuticula frunzei"", ""vasele lemnoase""]",1,,,,,,,,,,,,"Respirația se dezvoltă cu intensitate la nivelul frunzelor, florilor, meristemelor active."
A09-ADE01,A,A09,adevarat_fals,I.D,Fermentații,C,1,,,Fermentația acetică este un proces anaerob.,,,,,False,Fermentația acetică este un proces aerob.,,,,,,,,,,Alcoolul etilic se transformă în acid acetic în prezența oxigenului.
A09-ADE02,A,A09,adevarat_fals,I.D,Respirația aerobă,C,1,,,În respirația aerobă oxidarea substanțelor organice este completă.,,,,,True,,,,,,,,,,,Produși finali: CO2 și apă.
A09-ADE03,A,A09,adevarat_fals,I.D,Respirația anaerobă,C,1,,,Respirația anaerobă eliberează mai multă energie decât cea aerobă.,,,,,False,Respirația aerobă eliberează mai multă energie decât cea anaerobă.,,,,,,,,,,Aerobă ~675 kcal; anaerobă 16–34 kcal.
A09-ADE04,A,A09,adevarat_fals,I.D,Drojdii,C,1,,,Drojdia de bere realizează fermentația alcoolică.,,,,,True,,,,,,,,,,,"Aplicații: pâine, băuturi alcoolice."
A09-COM01,A,A09,completare,I.A,Respirația,C,1,,,,Respirația aerobă are loc în prezența ............ și se desfășoară în ............ .,,,,,,"[""oxigenului"", ""mitocondrii""]",,,,,,,,,
A09-COM02,A,A09,completare,I.A,Fermentații,C,1,,,,"La microorganisme, respirația anaerobă se numește ............ .",,,,,,"[""fermentație""]",,,,,,,,,
A09-EXE01,A,A09,exemple_caracteristica,I.B,Fermentații,C,1,,Dați două exemple de fermentații; scrieți câte un agent și o aplicație.,,,,,,,,"[{""example"": ""fermentația alcoolică"", ""feature"": ""drojdii; pâine, băuturi alcoolice""}, {""example"": ""fermentația lactică"", ""feature"": ""bacterii lactice; iaurt, murături""}, {""example"": ""fermentația acetică"", ""feature"": ""bacterii acetice; oțet""}]",,,,,,,,,
A09-STR01,A,A09,structurat,III.1.b,Respirația aerobă,U,2,,Explicați de ce respirația aerobă eliberează mai multă energie decât fermentația.,,,,,,,,,"În respirația aerobă oxidarea substanțelor organice este completă (până la CO2 și apă), în prezența oxigenului; în fermentație oxidarea este parțială și rămân substanțe organice, deci energia eliberată este mică.","[""oxidare completă vs parțială"", ""prezența/absența O2""]",,,,,,,
A09-STR02,A,A09,structurat,II.A.b,Respirația,C,1,,Scrieți ecuația chimică a respirației aerobe și precizați unde se desfășoară.,,,,,,,,,C6H12O6 + 6O2 → 6CO2 + 6H2O + energie (675 kcal); în mitocondrii.,"[""ecuația corectă"", ""mitocondrii""]",,,,,,,
A09-ENU01,A,A09,enunturi,III.1.c,Respirația,U,2,,"Construiți patru enunțuri afirmative, câte două pentru fiecare conținut: respirația aerobă; fermentația lactică.",,,,,,,,,,,"[""Respirația aerobă se desfășoară în mitocondrii."", ""Respirația aerobă eliberează energie stocată în ATP."", ""Fermentația lactică este produsă de bacterii lactice."", ""Fermentația lactică transformă glucoza în acid lactic.""]",,,,,,
A09-MIN01,A,A09,minieseu,III.2.c,Respirația,U,2,,,,,Respirația celulară,,,,,,,,,"Respirația celulară are loc în mitocondrii, unde glucoza este oxidată în prezența oxigenului. Rezultă dioxid de carbon și apă, iar energia eliberată este stocată în ATP.","[""mitocondrie"", ""glucoză"", ""oxigen"", ""ATP"", ""dioxid de carbon"", ""energie""]",,,,
A10-GRI01,A,A10,grila,I.C,Pleura,C,2,Model după subiect bac 2025 I.C.4,Plămânii mamiferelor:,,,,"[""conțin lobuli alcătuiți din numeroși lobi"", ""își măresc volumul în timpul expirației"", ""sunt localizați în cavitatea abdominală"", ""sunt acoperiți de pleură cu două foițe""]",3,,,,,,,,,,,,"Pleura are foiță parietală (la pereții cavității toracice) și foiță viscerală (aderă la plămân), cu lichid pleural între ele."
A10-GRI02,A,A10,grila,I.C,Inspirație,C,1,Fișe p.49,În timpul inspirației:,,,,"[""diafragmul și mușchii intercostali se relaxează"", ""volumul plămânilor crește și presiunea intrapulmonară scade"", ""presiunea intrapulmonară crește"", ""procesul este pasiv""]",1,,,,,,,,,,,,"Inspirația este activă, cu consum de energie; contracția mușchilor inspiratori mărește diametrele cutiei toracice."
A10-GRI03,A,A10,grila,I.C,Expirație,C,1,Fișe p.49,Expirația liniștită este:,,,,"[""activă, cu consum de energie"", ""pasivă, prin relaxarea mușchilor inspiratori"", ""provocată de contracția diafragmului"", ""însoțită de scăderea presiunii intrapulmonare""]",1,,,,,,,,,,,,La expirație volumul plămânilor scade și presiunea intrapulmonară crește.
A10-GRI04,A,A10,grila,I.C,Lobii pulmonari,C,1,Fișe p.49,Numărul de lobi pulmonari este:,,,,"[""plămân drept 2, stâng 3"", ""plămân drept 3, stâng 2"", ""ambii câte 3"", ""ambii câte 2""]",1,,,,,,,,,,,,"Plămânul drept are 3 lobi, cel stâng 2."
A10-GRI05,A,A10,grila,I.C,Alveole,C,1,Fișe p.48,Schimbul de gaze dintre aer și sânge are loc la nivelul:,,,,"[""traheei"", ""alveolelor pulmonare (membrana alveolo-capilară)"", ""bronhiilor extrapulmonare"", ""laringelui""]",1,,,,,,,,,,,,Membrana alveolară + endoteliul capilar formează membrana alveolo-capilară.
A10-GRI06,A,A10,grila,I.C,Trahee,C,2,Fișe p.48,Traheea:,,,,"[""este formată din inele cartilaginoase complete"", ""are inele cartilaginoase incomplete posterior și mucoasă cu cili"", ""se găsește în cavitatea bucală"", ""este căptușită cu epiteliu pavimentos unistratificat""]",1,,,,,,,,,,,,Bronhiile extrapulmonare au inele complete.
A10-GRI07,A,A10,grila,I.C,Laringe,C,2,Fișe p.48,Orificiul dintre coardele vocale se numește:,,,,"[""coană"", ""glotă"", ""ostiolă"", ""alveolă""]",1,,,,,,,,,,,,Mucoasa laringeană formează două perechi de pliuri (coarde vocale) care delimitează glota.
A10-GRI08,A,A10,grila,I.C,Presiunea la inspirație,A,1,Simulare 2026 I.D.3,În timpul inspirației presiunea aerului din plămânii mamiferelor:,,,,"[""crește"", ""scade"", ""rămâne constantă"", ""devine egală cu zero""]",1,,,,,,,,,,,,Scăderea presiunii intrapulmonare față de cea atmosferică permite pătrunderea aerului.
A10-GRI09,A,A10,grila,I.C,Boală respiratorie,C,1,Fișe p.50,Bacilul Koch produce:,,,,"[""pneumonia"", ""tuberculoza (TBC)"", ""laringita"", ""astmul bronșic""]",1,,,,,,,,,,,,"Distruge alveolele pulmonare, apărând caverne; prevenire: vaccinare antituberculoasă."
A10-GRI10,A,A10,grila,I.C,Astm,C,2,Fișe p.50,Astmul bronșic se caracterizează prin:,,,,"[""inflamația alveolelor"", ""spasm și îngustarea bronhiilor"", ""distrugerea alveolelor de bacilul Koch"", ""inflamația mucoasei laringelui""]",1,,,,,,,,,,,,"Crize de sufocare, mai ales noaptea."
A10-GRI11,A,A10,grila,I.C,Pneumonia,C,2,Fișe p.50,Pneumonia este:,,,,"[""inflamația acută a alveolelor pulmonare"", ""inflamația laringelui"", ""îngustarea bronhiilor"", ""inflamația traheei""]",0,,,,,,,,,,,,"Microbi: pneumococ, streptococ, stafilococ; manifestări: febră, tuse, expectorație purulentă, junghi toracic."
A10-ADE01,A,A10,adevarat_fals,I.D,Inspirația,C,1,,,Inspirația este un proces pasiv.,,,,,False,Inspirația este un proces activ.,,,,,,,,,,Expirația liniștită este pasivă.
A10-ADE02,A,A10,adevarat_fals,I.D,Plămân stâng,C,1,,,Plămânul stâng are trei lobi.,,,,,False,Plămânul stâng are doi lobi.,,,,,,,,,,Plămânul drept are trei lobi.
A10-ADE03,A,A10,adevarat_fals,I.D,Inspirație,A,1,Simulare 2026 I.D.3,,În timpul inspirației presiunea aerului din plămânii mamiferelor scade.,,,,,True,,,,,,,,,,,Aerul pătrunde în plămâni pentru că presiunea intrapulmonară este mai mică decât cea atmosferică.
A10-ADE04,A,A10,adevarat_fals,I.D,Bronhii,C,1,,,Bronhiile extrapulmonare sunt formate din inele cartilaginoase complete.,,,,,True,,,,,,,,,,,
A10-ADE05,A,A10,adevarat_fals,I.D,Laringită,C,1,,,Laringita este inflamația mucoasei laringelui.,,,,,True,,,,,,,,,,,"Manifestări: voce răgușită, tuse seacă."
A10-COM01,A,A10,completare,I.A,Ventilație,C,1,,,,Respirația externă se mai numește ............ pulmonară și are două faze: ............ și expirația.,,,,,,"[""ventilație"", ""inspirația""]",,,,,,,,,
A10-COM02,A,A10,completare,I.A,Pleură,C,1,,,,"Plămânii sunt acoperiți de ............, formată din foița parietală și foița ............ .",,,,,,"[""pleură"", ""viscerală""]",,,,,,,,,
A10-EXE01,A,A10,exemple_caracteristica,I.B,Căi respiratorii,C,1,,Dați două exemple de căi respiratorii extrapulmonare; scrieți câte o caracteristică.,,,,,,,,"[{""example"": ""laringele"", ""feature"": ""organ cartilaginos cu coarde vocale; glota între ele""}, {""example"": ""traheea"", ""feature"": ""inele cartilaginoase incomplete posterior; mucoasă cu cili""}, {""example"": ""fosele nazale"", ""feature"": ""comunică cu exteriorul prin nări și cu faringele prin coane""}]",,,,,,,,,
A10-EXE02,A,A10,exemple_caracteristica,I.B,Boli respiratorii,C,1,,Dați două exemple de boli ale sistemului respirator la om; scrieți câte o cauză.,,,,,,,,"[{""example"": ""bronșita"", ""feature"": ""infecție bacteriană sau virală a mucoasei bronșice""}, {""example"": ""TBC"", ""feature"": ""bacilul Koch""}, {""example"": ""pneumonia"", ""feature"": ""pneumococ, streptococ, stafilococ""}]",,,,,,,,,
A10-STR01,A,A10,structurat,II.A.a,Boli respiratorii,C,2,,"Numiți o boală a sistemului respirator la om (la alegere) precizând: o cauză, o manifestare, două măsuri de prevenire.",,,,,,,,,"Exemplu – bronșita: cauză – infecție bacteriană sau virală a mucoasei bronșice; manifestare – tuse, expectorație galben-cenușie, febră; prevenire – evitarea surselor de infecție și călirea organismului.","[""boală corectă"", ""o cauză"", ""o manifestare"", ""două măsuri""]",,,,,,,
A10-STR02,A,A10,structurat,II.A.b,Ventilație,U,2,,Explicați de ce inspirația este un proces activ.,,,,,,,,,"Inspirația presupune contracția mușchilor inspiratori (diafragm, intercostali), care mărește diametrele cutiei toracice și volumul plămânilor; contracția consumă energie.","[""contracția mușchilor inspiratori"", ""creșterea volumului"", ""consum de energie""]",,,,,,,
A10-STR03,A,A10,structurat,II.A.b,Alveole,U,2,,Explicați adaptarea alveolelor pulmonare la funcția de schimb de gaze.,,,,,,,,,"Peretele alveolar este un epiteliu pavimentos unistratificat, foarte subțire, înconjurat de capilare sanguine; membrana alveolo-capilară permite difuzia gazelor.","[""epiteliu unistratificat subțire"", ""capilare"", ""membrană alveolo-capilară""]",,,,,,,
A10-ENU01,A,A10,enunturi,III.1.c,Respirație,U,2,,"Construiți patru enunțuri afirmative, câte două pentru fiecare conținut: plămânii; traheea.",,,,,,,,,,,"[""Plămânii sunt situați în cavitatea toracică."", ""Plămânul drept are trei lobi, iar cel stâng doi lobi."", ""Traheea este formată din inele cartilaginoase incomplete posterior."", ""Mucoasa traheală are cili care filtrează aerul.""]",,,,,,
A10-MIN01,A,A10,minieseu,III.2.c,Ventilația pulmonară,U,2,,,,,Ventilația pulmonară,,,,,,,,,"Ventilația pulmonară cuprinde inspirația și expirația. La inspirație se contractă diafragmul și mușchii intercostali, iar presiunea intrapulmonară scade. Aerul ajunge în alveole, unde au loc schimburile de gaze.","[""inspirație"", ""expirație"", ""diafragm"", ""mușchi intercostali"", ""presiune intrapulmonară"", ""alveole""]",,,,
A11-GRI01,A,A11,grila,I.C,Zona de absorbție,C,1,Fișe p.5,Zona de maximă absorbție a apei la nivelul rădăcinii este zona:,,,,"[""apicală"", ""perilor absorbanți"", ""lenticelelor"", ""stomatelor""]",1,,,,,,,,,,,,Perii absorbanți sunt celule rizodermice (epidermice) modificate.
A11-GRI02,A,A11,grila,I.C,Absorbția pasivă,U,2,Fișe p.5,Absorbția pasivă a apei:,,,,"[""se face cu consum de energie, prin presiune radiculară"", ""este determinată de deficitul hidric creat prin transpirație și se realizează prin osmoză"", ""are loc la nivelul frunzelor"", ""este maximă primăvara, când solul e bogat în apă, prin presiune radiculară""]",1,,,,,,,,,,,,Deficitul hidric din frunză declanșează forța de sucțiune transmisă prin vasele lemnoase până la perii absorbanți.
A11-GRI03,A,A11,grila,I.C,Presiunea radiculară,C,2,Fișe p.5,Presiunea radiculară pozitivă:,,,,"[""este un mecanism pasiv"", ""acționează cu consum de energie"", ""este influențată de transpirație"", ""conduce seva elaborată""]",1,,,,,,,,,,,,"Absorbția activă, cu consum de energie; predomină primăvara sau când solul este bogat în apă."
A11-GRI04,A,A11,grila,I.C,Seva brută,C,1,Fișe p.5,Seva brută este:,,,,"[""soluție concentrată de substanțe organice"", ""soluție apoasă diluată, predominant minerală, din vasele lemnoase"", ""soluție bogată în glucide, din vasele liberiene"", ""latex""]",1,,,,,,,,,,,,Seva brută = apă cu săruri minerale.
A11-GRI05,A,A11,grila,I.C,Seva elaborată,C,1,Fișe p.5–6,Seva elaborată circulă:,,,,"[""numai ascendent, prin vase lemnoase"", ""în ambele sensuri, prin vasele liberiene"", ""numai descendent"", ""prin stomate""]",1,,,,,,,,,,,,"Este bogată în substanțe organice solubile produse de frunze prin fotosinteză; transport activ, mai lent."
A11-GRI06,A,A11,grila,I.C,Osmoza,C,2,Fișe p.5,Osmoza este:,,,,"[""deplasarea apei printr-o membrană semipermeabilă dintr-o soluție diluată spre una concentrată"", ""eliminarea apei sub formă de picături"", ""sinteza glucidelor"", ""mișcarea stomatelor""]",0,,,,,,,,,,,,Soluția mai concentrată absoarbe apa din cea mai diluată; la rădăcină: suc celular vs mediu extracelular.
A11-GRI07,A,A11,grila,I.C,Traseul sevei brute,C,3,Fișe p.5,"Seva brută străbate în rădăcină, în ordine:",,,,"[""endodermă → exodermă → cilindru central"", ""peri absorbanți → exodermă → scoarță → endodermă → cilindru central"", ""cilindru central → scoarță → peri absorbanți"", ""scoarță → peri absorbanți → endodermă""]",1,,,,,,,,,,,,Apoi pătrunde în fasciculele lemnoase și capătă traseu ascendent.
A11-GRI08,A,A11,grila,I.C,Depozitarea,C,2,Fișe p.6,Surplusul de substanțe organice se depune ca rezervă în rădăcina de:,,,,"[""cartof"", ""morcov"", ""gulie"", ""ceapă""]",1,,,,,,,,,,,,"Rădăcini: morcov, sfeclă, ridiche; tulpini: gulie, cartof."
A11-ADE01,A,A11,adevarat_fals,I.D,Absorbție pasivă,C,1,,,Absorbția pasivă a apei se realizează cu consum de energie.,,,,,False,Absorbția activă a apei se realizează cu consum de energie.,,,,,,,,,,"Cea pasivă – prin osmoză, fără energie."
A11-ADE02,A,A11,adevarat_fals,I.D,Seva brută,C,1,,,Seva brută circulă prin vasele lemnoase.,,,,,True,,,,,,,,,,,
A11-ADE03,A,A11,adevarat_fals,I.D,Seva elaborată,C,1,,,Seva elaborată circulă numai ascendent.,,,,,False,Seva elaborată circulă în ambele sensuri.,,,,,,,,,,"Descendent spre tulpină și rădăcină, ascendent spre flori și fructe."
A11-ADE04,A,A11,adevarat_fals,I.D,Peri absorbanți,C,1,,,Perii absorbanți sunt celule rizodermice modificate.,,,,,True,,,,,,,,,,,
A11-COM01,A,A11,completare,I.A,Absorbția,C,1,,,,"Absorbția ............ se realizează fără consum de energie, iar absorbția ............ se datorează presiunii radiculare.",,,,,,"[""pasivă"", ""activă""]",,,,,,,,,
A11-COM02,A,A11,completare,I.A,Seve,C,1,,,,"Seva ............ conține apă și săruri minerale, iar seva ............ conține substanțe organice.",,,,,,"[""brută"", ""elaborată""]",,,,,,,,,
A11-EXE01,A,A11,exemple_caracteristica,I.B,Forțe,C,1,,Dați două exemple de forțe care contribuie la ascensiunea sevei brute; scrieți câte o caracteristică.,,,,,,,,"[{""example"": ""presiunea radiculară"", ""feature"": ""mecanism activ, cu consum de energie; predomină primăvara""}, {""example"": ""forța de sucțiune"", ""feature"": ""mecanism pasiv, determinat de transpirație""}]",,,,,,,,,
A11-STR01,A,A11,structurat,III.1.b,Seve,U,2,Fișe p.6,Explicați de ce transportul sevei elaborate se face cu consum de energie.,,,,,,,,,"Vasele liberiene sunt formate din celule vii, care au citoplasmă; transportul este activ, cu consum de energie, și are viteză mai mică.","[""celule vii cu citoplasmă"", ""transport activ""]",,,,,,,
A11-ENU01,A,A11,enunturi,III.1.c,Circulația la plante,U,2,,"Construiți patru enunțuri afirmative, câte două pentru fiecare conținut: seva brută; seva elaborată.",,,,,,,,,,,"[""Seva brută este o soluție diluată, predominant minerală."", ""Seva brută circulă ascendent prin vasele lemnoase."", ""Seva elaborată este bogată în substanțe organice."", ""Seva elaborată circulă prin vasele liberiene în ambele sensuri.""]",,,,,,
A11-MIN01,A,A11,minieseu,III.2.c,Absorbția,U,2,,,,,Absorbția apei la plante,,,,,,,,,"Rădăcina absoarbe apa prin perii absorbanți, prin osmoză sau sub acțiunea presiunii radiculare. Seva brută urcă prin vasele lemnoase spre frunze.","[""rădăcină"", ""peri absorbanți"", ""osmoză"", ""presiune radiculară"", ""sevă brută"", ""vase lemnoase""]",,,,
A12-GRI01,A,A12,grila,I.C,Plasma,C,1,Fișe p.34,Plasma sangvină reprezintă aproximativ:,,,,"[""45% din volumul sanguin"", ""55% din volumul sanguin"", ""10% din volumul sanguin"", ""90% din volumul sanguin""]",1,,,,,,,,,,,,Plasma = 55% din volumul sanguin; elementele figurate = 45% (hematocrit).
A12-GRI02,A,A12,grila,I.C,Apa din plasmă,C,1,Fișe p.34,Apa reprezintă în plasmă aproximativ:,,,,"[""10%"", ""55%"", ""90%"", ""45%""]",2,,,,,,,,,,,,"Restul de ~10% este reziduu uscat (săruri minerale, substanțe organice)."
A12-GRI03,A,A12,grila,I.C,Eritrocite,C,1,Fișe p.34,Eritrocitele mature:,,,,"[""au nucleu și apără organismul"", ""sunt anucleate și conțin hemoglobină"", ""produc anticorpi"", ""participă la coagulare""]",1,,,,,,,,,,,,"Sunt celule anucleate, discoidale, biconcave; transportă O2 și CO2."
A12-GRI04,A,A12,grila,I.C,Leucocite,C,1,Fișe p.34,Leucocitele au rol în:,,,,"[""transportul gazelor"", ""apărarea organismului prin fagocitoză și anticorpi"", ""hemostază"", ""transportul hormonilor exclusiv""]",1,,,,,,,,,,,,"Sunt celule cu nucleu, fără pigmenți."
A12-GRI05,A,A12,grila,I.C,Trombocite,C,1,Fișe p.34,Trombocitele sunt:,,,,"[""celule cu nucleu, fagocitare"", ""fragmente celulare anucleate, cu rol în hemostază"", ""celule cu hemoglobină"", ""componente ale plasmei""]",1,,,,,,,,,,,,Produc factorii trombocitari ai coagulării; opresc hemoragia.
A12-GRI06,A,A12,grila,I.C,Hemoglobina și CO,C,2,Fișe p.34,Hemoglobina formează cu monoxidul de carbon un compus stabil numit:,,,,"[""oxihemoglobină"", ""carbohemoglobină"", ""carboxihemoglobină"", ""methemoglobină""]",2,,,,,,,,,,,,Carboxihemoglobina nu se descompune în țesuturi; acumularea produce asfixie. Oxi- și carbohemoglobina sunt compuși instabili.
A12-GRI07,A,A12,grila,I.C,Hematocrit,C,2,Fișe p.34,Hematocritul reprezintă:,,,,"[""plasma"", ""elementele figurate (≈45% din volumul sanguin)"", ""serul"", ""limfa""]",1,,,,,,,,,,,,"Elementele figurate: eritrocite, leucocite, trombocite."
A12-GRI08,A,A12,grila,I.C,Homeostazia,C,1,Fișe p.34,Homeostazia este:,,,,"[""constanța parametrilor mediului intern în limite fiziologice"", ""scăderea temperaturii corpului"", ""variația compoziției sângelui"", ""un tip de respirație""]",0,,,,,,,,,,,,"Condițiile mediului exterior se schimbă, dar mediul intern își păstrează compoziția și proprietățile."
A12-GRI09,A,A12,grila,I.C,Mediul intern,C,1,Fișe p.34,Mediul intern cuprinde:,,,,"[""sângele, limfa, lichidul interstițial"", ""doar sângele"", ""lichidul din celule"", ""urina și saliva""]",0,,,,,,,,,,,,Totalitatea lichidelor corpului situate extracelular.
A12-GRI10,A,A12,grila,I.C,Locul formării,C,2,Fișe p.63,Elementele figurate ale sângelui sunt produse de:,,,,"[""ficat"", ""măduva osoasă roșie hematogenă"", ""rinichi"", ""pancreas""]",1,,,,,,,,,,,,Sângele este considerat un țesut conjunctiv fluid.
A12-GRI11,A,A12,grila,I.C,Calcul – procentul,A,1,Calcul simplu,"Dacă sângele reprezintă 7% din masa corpului, un copil de 20 kg are masa sângelui de:",,,,"[""0,14 kg"", ""1,4 kg"", ""14 kg"", ""0,7 kg""]",1,,,,,,,,,,,,"20 × 7 / 100 = 1,4 kg."
A12-ADE01,A,A12,adevarat_fals,I.D,Eritrocite,C,1,,,Eritrocitele mature au nucleu.,,,,,False,Eritrocitele mature sunt anucleate.,,,,,,,,,,Leucocitele au nucleu.
A12-ADE02,A,A12,adevarat_fals,I.D,Trombocite,C,1,,,Trombocitele participă la oprirea hemoragiilor.,,,,,True,,,,,,,,,,,
A12-ADE03,A,A12,adevarat_fals,I.D,Plasmă,C,1,,,Plasma reprezintă 45% din volumul sanguin.,,,,,False,Plasma reprezintă 55% din volumul sanguin.,,,,,,,,,,Elementele figurate reprezintă 45%.
A12-ADE04,A,A12,adevarat_fals,I.D,Hemoglobina,C,1,,,Hemoglobina are afinitate crescută pentru monoxidul de carbon.,,,,,True,,,,,,,,,,,Carboxihemoglobina este un compus stabil.
A12-ADE05,A,A12,adevarat_fals,I.D,Sânge,C,1,,,Sângele este un țesut conjunctiv fluid.,,,,,True,,,,,,,,,,,
A12-COM01,A,A12,completare,I.A,Plasmă,C,1,,,,Plasma conține ............ % apă și un reziduu ............ .,,,,,,"[""90"", ""uscat""]",,,,,,,,,
A12-COM02,A,A12,completare,I.A,Elemente figurate,C,1,,,,"Elementele figurate ale sângelui sunt eritrocitele, ............ și ............ .",,,,,,"[""leucocitele"", ""trombocitele""]",,,,,,,,,
A12-EXE01,A,A12,exemple_caracteristica,I.B,Componente ale sângelui,C,1,Subiect bac 2025 II.A.a,Precizați trei componente ale sângelui și câte un rol pentru două dintre ele.,,,,,,,,"[{""example"": ""eritrocitele"", ""feature"": ""transportul O2 și CO2 prin hemoglobină""}, {""example"": ""leucocitele"", ""feature"": ""apărarea organismului""}, {""example"": ""trombocitele"", ""feature"": ""hemostază (coagulare)""}, {""example"": ""plasma"", ""feature"": ""transportul substanțelor, al apei și hormonilor""}]",,,,,,,,,Trei componente sunt suficiente; două roluri.
A12-STR01,A,A12,structurat,II.A.a,Rolul sângelui,C,1,Fișe p.34–35,Precizați trei roluri ale sângelui.,,,,,,,,,"Transportul apei, nutrimentelor, gazelor și substanțelor de excreție; menținerea echilibrului hidroelectrolitic; apărarea organismului; menținerea temperaturii constante; oprirea sângerării (hemostaza).","[""trei roluri corecte""]",,,,,,,
A12-STR02,A,A12,structurat,II.A.b,Hemoglobina,U,3,Fișe p.34,Explicați de ce intoxicația cu monoxid de carbon duce la asfixie.,,,,,,,,,"Hemoglobina are afinitate crescută pentru CO și formează carboxihemoglobina, un compus stabil care nu se descompune în țesuturi; hemoglobina nu mai poate transporta O2 și țesuturile sufocă.","[""afinitate mare pentru CO"", ""carboxihemoglobină stabilă"", ""O2 netransportat""]",,,,,,,
A12-STR03,A,A12,structurat,II.A.b,Leucocite,U,2,Fișe p.34,Explicați rolul leucocitelor în apărarea organismului.,,,,,,,,,Leucocitele apără organismul prin fagocitoză (înglobează microbi) și prin eliberare de anticorpi.,"[""fagocitoză"", ""anticorpi""]",,,,,,,
A12-ENU01,A,A12,enunturi,III.1.c,Sânge,U,2,,"Construiți patru enunțuri afirmative, câte două pentru fiecare conținut: eritrocitele; trombocitele.",,,,,,,,,,,"[""Eritrocitele sunt celule anucleate care conțin hemoglobină."", ""Eritrocitele transportă oxigenul și dioxidul de carbon."", ""Trombocitele sunt fragmente celulare anucleate."", ""Trombocitele participă la coagularea sângelui.""]",,,,,,
A12-MIN01,A,A12,minieseu,III.2.c,Sângele,U,2,,,,,Sângele,,,,,,,,,"Sângele este format din plasmă și elemente figurate, adică eritrocite, leucocite și trombocite. Eritrocitele conțin hemoglobină, care transportă gazele respiratorii. Leucocitele apără organismul, iar trombocitele participă la oprirea hemoragiilor.","[""plasmă"", ""elemente figurate"", ""eritrocite"", ""hemoglobină"", ""leucocite"", ""trombocite""]",,,,
A12-PRO01,A,A12,problema_calcul,II.A.c,Calcul în lanț cu procente,A,2,Subiect bac 2025 II.A.c,"Calculați masa apei din plasma sângelui unui copil, știind: sângele reprezintă 7% din masa corpului; plasma reprezintă 55% din masa sângelui; apa reprezintă 90% din masa plasmei; masa corpului este de 11 kg. Scrieți toate etapele.",,,,,,,,,,,,,,"{""masa_corp_kg"": 11, ""sange_pct"": 7, ""plasma_pct"": 55, ""apa_pct"": 90}","[""Masa sângelui = 11 kg × 7 / 100 = 0,77 kg"", ""Masa plasmei = 0,77 kg × 55 / 100 = 0,4235 kg"", ""Masa apei din plasmă = 0,4235 kg × 90 / 100 = 0,38115 kg""]","0,38115 kg (= 381,15 g)",
A12-PRO02,A,A12,problema_calcul,II.A.c,Calcul în lanț cu procente,A,2,Simulare 2026 II.A.c,"Calculați masa apei din plasma sângelui unui adult, știind: sângele reprezintă 7% din masa corpului; plasma reprezintă 55% din masa sângelui; apa reprezintă 90% din masa plasmei; masa corpului este de 87 kg. Scrieți toate etapele.",,,,,,,,,,,,,,"{""masa_corp_kg"": 87, ""sange_pct"": 7, ""plasma_pct"": 55, ""apa_pct"": 90}","[""Masa sângelui = 87 kg × 7 / 100 = 6,09 kg"", ""Masa plasmei = 6,09 kg × 55 / 100 = 3,3495 kg"", ""Masa apei din plasmă = 3,3495 kg × 90 / 100 = 3,01455 kg""]","3,01455 kg (= 3014,55 g)",
A12-PRO03,A,A12,problema_calcul,II.A.c,Calcul în lanț cu procente,A,1,Problemă de antrenament,"Calculați masa apei din plasma sângelui unui elev, știind: sângele reprezintă 7% din masa corpului; plasma reprezintă 55% din masa sângelui; apa reprezintă 90% din masa plasmei; masa corpului este de 60 kg. Scrieți toate etapele.",,,,,,,,,,,,,,"{""masa_corp_kg"": 60, ""sange_pct"": 7, ""plasma_pct"": 55, ""apa_pct"": 90}","[""Masa sângelui = 60 kg × 7 / 100 = 4,2 kg"", ""Masa plasmei = 4,2 kg × 55 / 100 = 2,31 kg"", ""Masa apei din plasmă = 2,31 kg × 90 / 100 = 2,079 kg""]","2,079 kg (= 2079 g)",
A12-PRO04,A,A12,problema_calcul,II.A.c,Calcul în lanț cu procente,A,2,Variație cu 8% (fișele indică 7–8%),"Un adult are masa corpului de 70 kg. Sângele reprezintă 8% din masa corpului, iar elementele figurate 45% din masa sângelui. Calculați masa elementelor figurate.",,,,,,,,,,,,,,"{""masa_corp_kg"": 70, ""sange_pct"": 8, ""elemente_figurate_pct"": 45}","[""Masa sângelui = 70 × 8 / 100 = 5,6 kg"", ""Masa elementelor figurate = 5,6 × 45 / 100 = 2,52 kg""]","2,52 kg",
A13-GRI01,A,A13,grila,I.C,Valvule,C,1,Fișe p.52,Orificiul atrioventricular drept prezintă:,,,,"[""valvula bicuspidă"", ""valvula tricuspidă"", ""valvule semilunare"", ""nicio valvulă""]",1,,,,,,,,,,,,Dreapta: tricuspidă; stânga: bicuspidă (mitrală). Semilunarele sunt la originea arterelor.
A13-GRI02,A,A13,grila,I.C,Artera pulmonară,C,1,Fișe p.52,Artera pulmonară pleacă din:,,,,"[""atriul stâng"", ""ventriculul drept"", ""ventriculul stâng"", ""atriul drept""]",1,,,,,,,,,,,,Transportă sânge neoxigenat spre plămâni.
A13-GRI03,A,A13,grila,I.C,Aorta,C,1,Fișe p.52–53,Artera aortă:,,,,"[""pleacă din ventriculul stâng cu sânge oxigenat"", ""pleacă din ventriculul drept"", ""aduce sânge la atriul stâng"", ""transportă sânge neoxigenat spre plămâni""]",0,,,,,,,,,,,,Formează cârja aortică orientată spre stânga și distribuie sângele la țesuturi.
A13-GRI04,A,A13,grila,I.C,Venele pulmonare,C,1,Fișe p.52,Venele pulmonare se deschid în:,,,,"[""atriul drept"", ""atriul stâng"", ""ventriculul drept"", ""ventriculul stâng""]",1,,,,,,,,,,,,"Sunt patru, aduc sânge oxigenat de la plămâni."
A13-GRI05,A,A13,grila,I.C,Venele cave,C,1,Fișe p.52,Venele cave se deschid în:,,,,"[""atriul stâng"", ""atriul drept"", ""ventriculul stâng"", ""artera pulmonară""]",1,,,,,,,,,,,,Aduc sânge încărcat cu CO2 de la țesuturi.
A13-GRI06,A,A13,grila,I.C,Mica circulație,C,1,Fișe p.53,Mica circulație (pulmonară) începe în:,,,,"[""ventriculul stâng"", ""ventriculul drept"", ""atriul drept"", ""atriul stâng""]",1,,,,,,,,,,,,Ventriculul drept → artera pulmonară → plămâni → 4 vene pulmonare → atriul stâng; are rol de oxigenare.
A13-GRI07,A,A13,grila,I.C,Marea circulație,C,1,Fișe p.53,Marea circulație se termină în:,,,,"[""atriul stâng"", ""atriul drept"", ""ventriculul drept"", ""ventriculul stâng""]",1,,,,,,,,,,,,Ventricul stâng → aortă → țesuturi → vene cave → atriul drept; rol de nutriție.
A13-GRI08,A,A13,grila,I.C,Valvule semilunare,U,2,Fișe p.52,Valvulele semilunare:,,,,"[""împiedică întoarcerea sângelui din artere în ventricule"", ""separă atriile între ele"", ""se află între atriu și ventricul"", ""sunt prezente numai în vene mici""]",0,,,,,,,,,,,,Se găsesc la originea aortei și a arterei pulmonare.
A13-GRI09,A,A13,grila,I.C,Pereții inimii,C,1,Fișe p.52,Peretele inimii este format din:,,,,"[""epicard, miocard, endocard"", ""mucoasă, submucoasă, seroasă"", ""epiderm, derm, hipoderm"", ""sclerotică, coroidă, retină""]",0,,,,,,,,,,,,Miocardul este țesut muscular striat de tip cardiac; endocardul se continuă cu endoteliul vaselor.
A13-GRI10,A,A13,grila,I.C,Capilare,C,1,Fișe p.53,Schimbul de substanțe dintre sânge și celule are loc la nivelul:,,,,"[""arterelor"", ""capilarelor"", ""venelor cave"", ""valvulelor""]",1,,,,,,,,,,,,"Capilarele au perete subțire, un epiteliu unistratificat pavimentos (endoteliu)."
A13-GRI11,A,A13,grila,I.C,Caracteristici ale circulației,C,2,Fișe p.53,Circulația sângelui la mamifere este:,,,,"[""simplă, incompletă, deschisă"", ""dublă, completă, închisă"", ""dublă, incompletă, deschisă"", ""simplă, completă, închisă""]",1,,,,,,,,,,,,"Două circuite, sânge oxigenat nemestecat cu cel neoxigenat, sânge în vase."
A13-GRI12,A,A13,grila,I.C,Ateroscleroza,C,2,Fișe p.54,Ateroscleroza este:,,,,"[""infiltrarea pereților arterelor mari cu lipide și colesterol"", ""dilatarea venelor superficiale"", ""inflamația alveolelor"", ""distrugerea tecii de mielină""]",0,,,,,,,,,,,,Scade elasticitatea vaselor și calibrul lor; poate duce la hipertensiune.
A13-GRI13,A,A13,grila,I.C,Varice,C,1,Fișe p.53–54,Varicele sunt:,,,,"[""dilatări ale venelor superficiale ale membrelor inferioare"", ""depuneri de colesterol în artere"", ""necroza miocardului"", ""paralizii""]",0,,,,,,,,,,,,"Cauză: stat prelungit în picioare; prevenire: bandaje speciale, mers în ritm alert."
A13-GRI14,A,A13,grila,I.C,Infarct,C,2,Fișe p.54,Infarctul miocardic constă în:,,,,"[""dilatarea venelor"", ""astuparea vaselor coronare cu un cheag și necrozarea miocardului"", ""inflamația pericardului"", ""îngustarea bronhiilor""]",1,,,,,,,,,,,,Manifestare: dureri mari în regiunea inimii (angină pectorală).
A13-ADE01,A,A13,adevarat_fals,I.D,Artere,C,1,,,Toate arterele transportă sânge oxigenat.,,,,,False,"Artera aortă transportă sânge oxigenat, iar artera pulmonară transportă sânge neoxigenat.",,,,,,,,,,Arterele conduc sângele de la inimă.
A13-ADE02,A,A13,adevarat_fals,I.D,Valvule,C,1,,,Valvula bicuspidă se află între atriul stâng și ventriculul stâng.,,,,,True,,,,,,,,,,,
A13-ADE03,A,A13,adevarat_fals,I.D,Venele pulmonare,C,1,,,Venele pulmonare aduc sânge neoxigenat la inimă.,,,,,False,Venele pulmonare aduc sânge oxigenat la inimă.,,,,,,,,,,Venele cave aduc sânge neoxigenat.
A13-ADE04,A,A13,adevarat_fals,I.D,Circulația,C,1,,,Circulația sângelui la mamifere este închisă.,,,,,True,,,,,,,,,,,Sângele nu iese din vase.
A13-ADE05,A,A13,adevarat_fals,I.D,Inima,C,1,,,Atriul drept comunică direct cu atriul stâng.,,,,,False,Atriul drept comunică cu ventriculul drept prin orificiul atrioventricular.,,,,,,,,,,Atriile nu comunică între ele; sensul de comunicare atriu–ventricul este unic.
A13-COM01,A,A13,completare,I.A,Inimă,C,1,,,,Inima are patru camere: două ............ și două ............ .,,,,,,"[""atrii"", ""ventricule""]",,,,,,,,,
A13-COM02,A,A13,completare,I.A,Circuite,C,1,,,,Marea circulație începe în ventriculul ............ și se termină în atriul ............ .,,,,,,"[""stâng"", ""drept""]",,,,,,,,,
A13-EXE01,A,A13,exemple_caracteristica,I.B,Vase de sânge,C,1,,Dați două exemple de vase de sânge; scrieți câte un rol.,,,,,,,,"[{""example"": ""artera aortă"", ""feature"": ""conduce sânge oxigenat de la ventriculul stâng la țesuturi""}, {""example"": ""capilarul"", ""feature"": ""schimbul de substanțe dintre sânge și celule""}, {""example"": ""vena cavă"", ""feature"": ""aduce sânge neoxigenat în atriul drept""}]",,,,,,,,,
A13-EXE02,A,A13,exemple_caracteristica,I.B,Boli circulatorii,C,1,,Dați două exemple de boli ale sistemului circulator la om; scrieți câte o manifestare.,,,,,,,,"[{""example"": ""varice"", ""feature"": ""dilatarea venelor superficiale ale membrelor inferioare""}, {""example"": ""hipertensiunea arterială"", ""feature"": ""amețeli, dureri de cap, palpitații""}, {""example"": ""ateroscleroza"", ""feature"": ""scăderea elasticității și a calibrului vaselor""}]",,,,,,,,,
A13-STR01,A,A13,structurat,II.A.b,Valvule semilunare,U,2,Subiect bac 2025 II.A.b,Explicați rolul valvulelor semilunare/sigmoide.,,,,,,,,,"Valvulele semilunare se află la originea aortei și a arterei pulmonare și împiedică întoarcerea sângelui din artere în ventricule, asigurând circulația într-un singur sens.","[""localizare: la originea aortei și arterei pulmonare"", ""împiedică refluxul sângelui în ventricule""]",,,,,,,
A13-STR02,A,A13,structurat,II.A.a,Boli circulatorii,C,2,Simulare 2026 II.A.a,"Numiți o boală a sistemului circulator la om (la alegere) precizând: o cauză, o manifestare, două măsuri de prevenire.",,,,,,,,,"Exemplu – ateroscleroza: cauză – excesul de alimente cu grăsimi animale, sedentarismul, fumatul; manifestare – scăderea elasticității și a calibrului vaselor, hipertensiune; prevenire – alimentație echilibrată, evitarea fumatului și a sedentarismului.","[""boală corectă"", ""o cauză"", ""o manifestare"", ""două măsuri de prevenire""]",,,,,,,
A13-STR03,A,A13,structurat,II.A.b,Inima,U,2,Fișe p.52,Explicați de ce ventriculul stâng are pereți mai groși decât atriile.,,,,,,,,,"Ventriculele au pereți mai îngroșați, iar cel stâng pompează sângele în marea circulație, la țesuturi, deci lucrează cu forță mai mare; atriile au pereți subțiri și golesc sângele în ventricule.","[""ventricule cu pereți îngroșați"", ""ventriculul stâng → marea circulație"", ""atrii cu pereți subțiri""]",,,,,,,
A13-ENU01,A,A13,enunturi,III.1.c,Inimă,U,2,,"Construiți patru enunțuri afirmative, câte două pentru fiecare conținut: inima; capilarele.",,,,,,,,,,,"[""Inima este localizată în cutia toracică, între cei doi plămâni."", ""Peretele inimii este format din epicard, miocard și endocard."", ""Capilarele sunt cele mai mici vase de sânge."", ""Peretele capilarelor este un endoteliu unistratificat, pavimentos.""]",,,,,,
A13-MIN01,A,A13,minieseu,III.2.c,Circulația sângelui,U,2,,,,,Circulația sângelui,,,,,,,,,"Sângele este pompat de inimă, un organ cu patru camere: două atrii și două ventricule. Arterele conduc sângele de la inimă, iar venele îl aduc înapoi. La nivelul capilarelor au loc schimburile dintre sânge și celule.","[""inimă"", ""ventricul"", ""atriu"", ""artere"", ""vene"", ""capilare""]",,,,
A14-GRI01,A,A14,grila,I.C,Transpirația,C,1,Fișe p.21,Transpirația este procesul de eliminare a apei sub formă de:,,,,"[""picături"", ""vapori"", ""lichid biliar"", ""urină""]",1,,,,,,,,,,,,"Se realizează prin cuticulă (redus), stomate (masiv) și lenticele."
A14-GRI02,A,A14,grila,I.C,Stomatele,C,1,Fișe p.21,Transpirația se realizează predominant prin:,,,,"[""rădăcină"", ""stomate"", ""vase liberiene"", ""cuticula tulpinii""]",1,,,,,,,,,,,,"La nivelul frunzei, prin stomate (masiv) și cuticulă (redus); la tulpină, prin lenticele."
A14-GRI03,A,A14,grila,I.C,Structura stomatei,C,2,Fișe p.21,Stomata este formată din:,,,,"[""două celule epidermice reniforme care delimitează ostiola"", ""o celulă cu perete subțire fără ostiolă"", ""un singur vas lemnos"", ""celule de țesut asimilator""]",0,,,,,,,,,,,,Este înconjurată de celule anexe; deschiderea ostiolei se reglează osmotic.
A14-GRI04,A,A14,grila,I.C,Stomate – lumină,U,2,Fișe p.21,La lumină stomatele:,,,,"[""se închid"", ""se deschid prin creșterea gradului de hidratare a celulelor"", ""dispar"", ""devin lemnoase""]",1,,,,,,,,,,,,"La întuneric se închid, ceea ce menține echilibrul hidric."
A14-GRI05,A,A14,grila,I.C,Importanța transpirației,U,2,Fișe p.21,Transpirația:,,,,"[""împiedică circulația sevei brute"", ""asigură ascensiunea sevei brute și previne supraîncălzirea"", ""oprește fotosinteza"", ""consumă oxigen""]",1,,,,,,,,,,,,"Menține ostiolele deschise, asigurând circulația O2 și CO2."
A14-GRI06,A,A14,grila,I.C,Lenticele,C,2,Fișe p.21,Lenticelele se află la nivelul:,,,,"[""frunzei"", ""tulpinii"", ""rădăcinii"", ""florii""]",1,,,,,,,,,,,,Sunt căi de transpirație redusă.
A14-GRI07,A,A14,grila,I.C,Frunza,C,2,Fișe p.21,Particularitate a frunzei adaptată transpirației:,,,,"[""suprafață de evaporare mică"", ""epidermă cu numeroase stomate"", ""lipsa țesutului asimilator"", ""cuticulă foarte groasă""]",1,,,,,,,,,,,,"Suprafață mare de evaporare, țesut asimilator cu spații intercelulare, epidermă cu stomate."
A14-ADE01,A,A14,adevarat_fals,I.D,Stomate,C,1,,,"Stomatele sunt formate din două celule epidermice modificate, reniforme.",,,,,True,,,,,,,,,,,
A14-ADE02,A,A14,adevarat_fals,I.D,Stomate la întuneric,C,1,,,La întuneric ostiolele stomatelor se deschid larg.,,,,,False,La întuneric ostiolele stomatelor se închid.,,,,,,,,,,La lumină se deschid.
A14-ADE03,A,A14,adevarat_fals,I.D,Transpirația,C,1,,,Transpirația asigură ascensiunea sevei elaborate.,,,,,False,Transpirația asigură ascensiunea sevei brute.,,,,,,,,,,Creează forța de sucțiune.
A14-COM01,A,A14,completare,I.A,Stomată,C,1,,,,"Stomata delimitează un orificiu numit ............, prin care circulă apa sub formă de ............ .",,,,,,"[""ostiolă"", ""vapori""]",,,,,,,,,
A14-EXE01,A,A14,exemple_caracteristica,I.B,Căi de transpirație,C,1,,Dați două exemple de structuri prin care se realizează transpirația la plante; scrieți câte o caracteristică.,,,,,,,,"[{""example"": ""stomatele"", ""feature"": ""elimină masiv vapori de apă; sunt reglate osmotic""}, {""example"": ""lenticelele"", ""feature"": ""se află la tulpină; transpirație redusă""}, {""example"": ""cuticula"", ""feature"": ""transpirație în cantitate redusă""}]",,,,,,,,,
A14-STR01,A,A14,structurat,III.1.b,Stomate,U,2,Simulare 2026 III.1.b,Explicați rolul stomatelor în realizarea transpirației la plante.,,,,,,,,,"Stomatele au o ostiolă prin care circulă vaporii de apă; la lumină ostiolele se deschid și apa este eliminată masiv sub formă de vapori, iar prin închiderea lor la întuneric se păstrează echilibrul hidric.","[""ostiola – calea vaporilor de apă"", ""deschidere la lumină / închidere la întuneric"", ""echilibrul hidric""]",,,,,,,
A14-STR02,A,A14,structurat,III.1.b,Importanța transpirației,C,1,Fișe p.21,Precizați două roluri ale transpirației.,,,,,,,,,Asigură ascensiunea sevei brute; împiedică supraîncălzirea plantei; menține ostiolele deschise pentru circulația gazelor.,"[""două roluri corecte""]",,,,,,,
A14-ENU01,A,A14,enunturi,III.1.c,Excreția la plante,U,2,,"Construiți patru enunțuri afirmative, câte două pentru fiecare conținut: stomata; transpirația.",,,,,,,,,,,"[""Stomata este formată din două celule reniforme."", ""Stomata delimitează un orificiu numit ostiolă."", ""Transpirația este eliminarea apei sub formă de vapori."", ""Transpirația previne supraîncălzirea plantei.""]",,,,,,
A14-MIN01,A,A14,minieseu,III.2.c,Transpirația,U,2,,,,,Transpirația la plante,,,,,,,,,"Transpirația este eliminarea apei sub formă de vapori, în special prin stomatele frunzei. Stomata delimitează o ostiolă care se deschide la lumină. Procesul face ca seva brută să urce în plantă, iar la tulpină apa se elimină și prin lenticele.","[""stomate"", ""ostiolă"", ""vapori de apă"", ""frunză"", ""sevă brută"", ""lenticele""]",,,,
A15-GRI01,A,A15,grila,I.C,Localizarea rinichilor,C,1,Fișe p.55; simulare 2026 III.1.a,Rinichii mamiferelor:,,,,"[""sunt localizați în cavitatea toracică"", ""sunt organe pereche, situate în cavitatea abdominală, de o parte și de alta a coloanei vertebrale"", ""sunt organe impare"", ""sunt în pelvis""]",1,,,,,,,,,,,,Regiunea toraco-lombară; aspect reniform; la polul superior se află glandele suprarenale.
A15-GRI02,A,A15,grila,I.C,Corticala,C,2,Fișe p.55,Zona corticală a rinichiului este formată din:,,,,"[""piramide Malpighi"", ""corpusculi Malpighi și tuburi sinuoase ale nefronilor"", ""ansele Henle și tuburile colectoare"", ""uretere""]",1,,,,,,,,,,,,"Medulara conține piramidele Malpighi (anse Henle, tuburi colectoare)."
A15-GRI03,A,A15,grila,I.C,Nefronul,C,1,Fișe p.55,Unitatea structurală și funcțională a rinichiului este:,,,,"[""glomerulul"", ""nefronul"", ""ureterul"", ""ansa Henle""]",1,,,,,,,,,,,,Nefronul = corpuscul renal (glomerul + capsula Bowman) + tub urinifer.
A15-GRI04,A,A15,grila,I.C,Procese în nefron,C,1,Fișe p.55,La nivelul nefronului au loc procesele de:,,,,"[""digestie, absorbție, secreție"", ""filtrare, reabsorbție, secreție"", ""fotoliză, filtrare, fermentație"", ""fagocitoză, absorbție, excreție""]",1,,,,,,,,,,,,Se formează urina finală.
A15-GRI05,A,A15,grila,I.C,Căi extrarenale,C,1,Fișe p.55–56,Căile urinare extrarenale sunt:,,,,"[""ureterele, vezica urinară, uretra"", ""calicele, bazinetul"", ""nefronii"", ""tuburile colectoare""]",0,,,,,,,,,,,,"Vezica urinară este situată în pelvis, capacitate 300–350 ml."
A15-GRI06,A,A15,grila,I.C,Uretra,C,2,Fișe p.56,Uretra la bărbat:,,,,"[""este numai cale urinară"", ""este comună sistemului excretor și celui reproducător"", ""lipsește"", ""este mai scurtă ca la femeie și nu servește reproducerii""]",1,,,,,,,,,,,,Elimină urina și sperma.
A15-GRI07,A,A15,grila,I.C,Căi de excreție,C,1,Fișe p.55,La mamifere excreția se realizează pe calea:,,,,"[""urinară, tegumentară și pulmonară"", ""numai urinară"", ""numai pulmonară"", ""tegumentară și digestivă exclusiv""]",0,,,,,,,,,,,,Calea urinară este principală.
A15-GRI08,A,A15,grila,I.C,Litiază,C,1,Fișe p.56,Litiaza urinară constă în:,,,,"[""inflamația bronhiilor"", ""formarea de calculi renali"", ""scleroza arterelor"", ""distrugerea mielinei""]",1,,,,,,,,,,,,"Cauze: tulburări de metabolism, urină concentrată, alimentație bogată în carne, lapte, dulciuri; manifestări: dureri lombare, hemoragii, febră."
A15-GRI09,A,A15,grila,I.C,Insuficiență renală,C,2,Fișe p.56,Insuficiența renală cronică se manifestă prin:,,,,"[""anurie, astenie, anemie, greață"", ""voce răgușită"", ""paralizii"", ""tuse cu expectorație""]",0,,,,,,,,,,,,"Cauze: afecțiuni renale, intoxicații, infecții, diabet, obstrucții, hipertensiune."
A15-GRI10,A,A15,grila,I.C,Rolul rinichiului,C,1,Fișe p.56,Rolul rinichiului este:,,,,"[""filtrarea sângelui, formarea urinei și menținerea echilibrului hidroelectrolitic"", ""digestia grăsimilor"", ""producerea sângelui"", ""secreția bilei""]",0,,,,,,,,,,,,"Rinichiul filtrează sângele, formează urina și menține echilibrul hidroelectrolitic."
A15-ADE01,A,A15,adevarat_fals,I.D,Rinichi,C,1,,,"Rinichii sunt organe pereche, de aspect reniform.",,,,,True,,,,,,,,,,,
A15-ADE02,A,A15,adevarat_fals,I.D,Zona medulară,C,1,,,Zona medulară a rinichiului conține corpusculii Malpighi.,,,,,False,Zona corticală a rinichiului conține corpusculii Malpighi.,,,,,,,,,,Medulara conține piramidele Malpighi.
A15-ADE03,A,A15,adevarat_fals,I.D,Vezica urinară,C,1,,,Vezica urinară este situată în cavitatea toracică.,,,,,False,Vezica urinară este situată în pelvis.,,,,,,,,,,Capacitate 300–350 ml.
A15-ADE04,A,A15,adevarat_fals,I.D,Litiaza,C,1,,,Litiaza urinară este cauzată de virusuri.,,,,,False,Litiaza urinară are drept cauze tulburările de metabolism și urina concentrată.,,,,,,,,,,Nu este boală infecțioasă virală; constă în formarea de calculi renali.
A15-COM01,A,A15,completare,I.A,Nefron,C,1,,,,Nefronul este alcătuit din corpuscul ............ și tub ............ .,,,,,,"[""renal (Malpighi)"", ""urinifer""]",,,,,,,,,
A15-COM02,A,A15,completare,I.A,Căi excretoare,C,1,,,,"Căile urinare extrarenale sunt ureterele, vezica ............ și ............ .",,,,,,"[""urinară"", ""uretra""]",,,,,,,,,
A15-EXE01,A,A15,exemple_caracteristica,I.B,Rinichi – caracteristici,C,1,Simulare 2026 III.1.a,Precizați localizarea și două caracteristici structurale ale rinichilor mamiferelor.,,,,,,,,"[{""example"": ""localizare"", ""feature"": ""în cavitatea abdominală, de o parte și de alta a coloanei vertebrale, în regiunea toraco-lombară""}, {""example"": ""structură 1"", ""feature"": ""capsulă fibroasă și parenchim renal cu zonă corticală și medulară""}, {""example"": ""structură 2"", ""feature"": ""aspect reniform; la polul superior au glandele suprarenale""}, {""example"": ""structură 3"", ""feature"": ""unitatea structurală și funcțională este nefronul""}]",,,,,,,,,Localizare + două caracteristici.
A15-STR01,A,A15,structurat,II.A.a,Boli excretoare,C,2,,"Numiți o boală a sistemului excretor la om (la alegere) precizând: o cauză, o manifestare, două măsuri de prevenire.",,,,,,,,,"Exemplu – litiaza urinară: cauză – urina concentrată și tulburări de metabolism; manifestare – dureri lombare și vezicale; prevenire – alimentație echilibrată, igienă corectă a organelor excretoare, tratarea infecțiilor.","[""boală corectă"", ""o cauză"", ""o manifestare"", ""două măsuri""]",,,,,,,
A15-STR02,A,A15,structurat,III.1.a,Rinichi,C,2,Simulare 2026 III.1.a,Precizați localizarea și două caracteristici structurale ale rinichilor mamiferelor.,,,,,,,,,"Localizare: cavitatea abdominală, de o parte și de alta a coloanei vertebrale (regiunea toraco-lombară). Structură: capsulă fibroasă și parenchim cu zonă corticală (corpusculi Malpighi, tuburi sinuoase) și zonă medulară (piramide Malpighi); aspect reniform; unitatea funcțională este nefronul.","[""localizare"", ""două caracteristici structurale""]",,,,,,,
A15-ENU01,A,A15,enunturi,III.1.c,Căi urinare,U,2,Simulare 2026 III.1.c,"Construiți patru enunțuri afirmative, câte două pentru fiecare conținut: căile urinare ale mamiferelor; litiaza urinară.",,,,,,,,,,,"[""Căile urinare extrarenale sunt ureterele, vezica urinară și uretra."", ""Vezica urinară este un organ cavitar situat în pelvis."", ""Litiaza urinară constă în formarea de calculi renali."", ""Litiaza poate fi prevenită printr-o alimentație echilibrată și hidratare.""]",,,,,,
A15-MIN01,A,A15,minieseu,III.2.c,Rinichii,U,2,,,,,Rinichii,,,,,,,,,"Rinichii sunt organe pereche, iar unitatea lor funcțională este nefronul. Aici au loc filtrarea, reabsorbția și secreția, în urma cărora se formează urina. Zona corticală conține corpusculii renali, iar rinichii mențin echilibrul hidroelectrolitic.","[""nefron"", ""filtrare"", ""reabsorbție"", ""urină"", ""zona corticală"", ""echilibru hidroelectrolitic""]",,,,
A16-GRI01,A,A16,grila,I.C,Componenta pasivă,C,1,Fișe p.32,Componenta pasivă a sistemului locomotor este:,,,,"[""sistemul muscular"", ""sistemul osos"", ""sistemul nervos"", ""sistemul endocrin""]",1,,,,,,,,,,,,Oasele formează scheletul; mușchii sunt componenta activă.
A16-GRI02,A,A16,grila,I.C,Antebraț,C,1,Fișe p.32,Oasele antebrațului sunt:,,,,"[""humerusul și femurul"", ""radiusul și ulna"", ""tibia și fibula"", ""scapula și claviculă""]",1,,,,,,,,,,,,Brațul = humerus; gamba = tibie și fibulă.
A16-GRI03,A,A16,grila,I.C,Gamba,C,1,Fișe p.32,Oasele gambei sunt:,,,,"[""radius și ulna"", ""tibia și fibula"", ""femurul"", ""humerusul""]",1,,,,,,,,,,,,Coapsa = femur.
A16-GRI04,A,A16,grila,I.C,Coloana vertebrală,C,1,Fișe p.32,Coloana vertebrală este formată din:,,,,"[""12 vertebre"", ""33–34 de vertebre"", ""50 de vertebre"", ""24 de vertebre exclusiv""]",1,,,,,,,,,,,,Coastele sunt 12 perechi; împreună cu sternul formează cutia toracică.
A16-GRI05,A,A16,grila,I.C,Bazin,C,2,Fișe p.32–33,Bazinul se formează prin sudarea oaselor coxale cu:,,,,"[""osul sacral"", ""sternul"", ""claviculele"", ""omoplatul""]",0,,,,,,,,,,,,Adaptare la poziția verticală.
A16-GRI06,A,A16,grila,I.C,Mod de aşezare pe sol,C,2,Fișe p.32,Mamiferele plantigrade sunt:,,,,"[""pisica și tigrul"", ""vaca și oaia"", ""maimuța, ursul și omul"", ""calul""]",2,,,,,,,,,,,,"Digitigrade: pisica, tigrul; unguligrade: copitatele (paricopitate – vaca, oaia, porcul; imparicopitate – calul)."
A16-GRI07,A,A16,grila,I.C,Mușchi brațul,C,1,Fișe p.33,Mușchii brațului sunt:,,,,"[""deltoidul"", ""bicepsul și tricepsul"", ""croitorul"", ""fesierii""]",1,,,,,,,,,,,,Deltoid = umăr; croitor = coapsă; fesieri = bazin.
A16-GRI08,A,A16,grila,I.C,Centura scapulară,C,2,Fișe p.32,Centura scapulară este formată din:,,,,"[""coxale"", ""scapulă și claviculă"", ""radius și ulnă"", ""sacru""]",1,,,,,,,,,,,,Centura pelviană = oasele coxale.
A16-GRI09,A,A16,grila,I.C,Poziție bipedă,U,2,Fișe p.32–33,Staționarea verticală și mersul biped au determinat la om:,,,,"[""îngustarea toracelui"", ""curbura plantară elastică și curbele coloanei vertebrale"", ""lipsa mobilității mâinii"", ""scăderea mobilității articulațiilor""]",1,,,,,,,,,,,,"Lărgirea toracelui, mobilitatea membrelor, mișcări complexe ale mâinii, bazinul."
A16-GRI10,A,A16,grila,I.C,Mușchi scheletici,C,1,Fișe p.33,Mușchii scheletici sunt formați din țesut muscular:,,,,"[""neted"", ""striat scheletic"", ""striat cardiac"", ""nervos""]",1,,,,,,,,,,,,Se fixează pe oase și determină mișcarea prin contracție.
A16-ADE01,A,A16,adevarat_fals,I.D,Antebraț,C,1,,,Brațul este format din oasele radius și ulnă.,,,,,False,Brațul este format din osul humerus.,,,,,,,,,,Antebrațul: radius și ulna.
A16-ADE02,A,A16,adevarat_fals,I.D,Cutia toracică,C,1,,,"Cutia toracică este formată din coloana vertebrală (parțial), coaste și stern.",,,,,True,,,,,,,,,,,
A16-ADE03,A,A16,adevarat_fals,I.D,Plantigrade,C,1,,,Pisica este mamifer plantigrad.,,,,,False,Pisica este mamifer digitigrad.,,,,,,,,,,"Plantigrade: maimuța, ursul, omul."
A16-ADE04,A,A16,adevarat_fals,I.D,Mușchi,C,1,,,Mușchii scheletici se fixează pe oase.,,,,,True,,,,,,,,,,,
A16-COM01,A,A16,completare,I.A,Locomoția,C,1,,,,Sistemul locomotor este alcătuit din sistemul ............ (componenta pasivă) și sistemul ............ (componenta activă).,,,,,,"[""osos"", ""muscular""]",,,,,,,,,
A16-COM02,A,A16,completare,I.A,Scheletul membrului inferior,C,1,,,,"Coapsa este susținută de osul ............, iar gamba de oasele tibia și ............ .",,,,,,"[""femur"", ""fibula""]",,,,,,,,,
A16-EXE01,A,A16,exemple_caracteristica,I.B,Oase ale membrului superior,C,1,,Dați două exemple de oase ale membrului superior; scrieți câte o localizare.,,,,,,,,"[{""example"": ""humerus"", ""feature"": ""în braț""}, {""example"": ""radius"", ""feature"": ""în antebraț""}, {""example"": ""scapula"", ""feature"": ""centura scapulară""}]",,,,,,,,,
A16-EXE02,A,A16,exemple_caracteristica,I.B,Grupe de mușchi,C,1,,Dați două exemple de mușchi ai membrului superior; scrieți câte o localizare.,,,,,,,,"[{""example"": ""deltoid"", ""feature"": ""umăr""}, {""example"": ""biceps"", ""feature"": ""braț""}, {""example"": ""triceps"", ""feature"": ""braț""}]",,,,,,,,,
A16-STR01,A,A16,structurat,III.1.b,Poziția bipedă,U,2,Fișe p.32–33,Explicați două modificări ale scheletului uman determinate de poziția bipedă.,,,,,,,,,"Bazinul s-a format prin sudarea oaselor coxale cu sacrul, iar curburile coloanei vertebrale oferă mobilitate și elasticitate; se lărgește și toracele.","[""două modificări corecte""]",,,,,,,
A16-ENU01,A,A16,enunturi,III.1.c,Locomoția,U,2,,"Construiți patru enunțuri afirmative, câte două pentru fiecare conținut: scheletul trunchiului; mușchii scheletici.",,,,,,,,,,,"[""Scheletul trunchiului cuprinde coloana vertebrală, coastele și sternul."", ""Coloana vertebrală este formată din 33–34 de vertebre."", ""Mușchii scheletici sunt formați din țesut muscular striat."", ""Mușchii scheletici determină, prin contracție, mișcarea oaselor.""]",,,,,,
A16-MIN01,A,A16,minieseu,III.2.c,Sistemul locomotor,U,2,,,,,Sistemul locomotor,,,,,,,,,"Sistemul locomotor este format din schelet și mușchi. Oasele sunt componenta pasivă și sunt unite prin articulații, iar mușchii, prin contracție, determină mișcarea. Coloana vertebrală și coastele susțin trunchiul.","[""schelet"", ""oase"", ""mușchi"", ""contracție"", ""coloană vertebrală"", ""articulație""]",,,,
A17-GRI01,A,A17,grila,I.C,Tactisme,C,1,Fișe p.51,Tactismele sunt mișcări:,,,,"[""orientate ale organelor plantei"", ""ale celulelor mobile, în funcție de stimul"", ""neorientate, determinate de intensitatea stimulului"", ""pasive, fără stimul""]",1,,,,,,,,,,,,"Exemple: chimiotactism (gameții bărbătești spre cei femeiești), fototactism (alge de la umbră la lumină)."
A17-GRI02,A,A17,grila,I.C,Geotropism,C,1,Fișe p.51,Rădăcina prezintă:,,,,"[""geotropism negativ"", ""geotropism pozitiv"", ""fototropism pozitiv"", ""seismonastie""]",1,,,,,,,,,,,,Tulpina – geotropism negativ; rădăcina – fototropism negativ.
A17-GRI03,A,A17,grila,I.C,Fototropism,C,1,Fișe p.51,Floarea-soarelui prezintă:,,,,"[""fototropism pozitiv"", ""fototropism negativ"", ""geotropism pozitiv"", ""termonastie""]",0,,,,,,,,,,,,"Se orientează spre lumină, la fel ca tulpina."
A17-GRI04,A,A17,grila,I.C,Nastii,C,1,Fișe p.51,Nastiile sunt mișcări:,,,,"[""orientate"", ""neorientate, determinate de intensitatea stimulului"", ""ale gameților"", ""pasive""]",1,,,,,,,,,,,,"Fotonastii, termonastii, seismonastii."
A17-GRI05,A,A17,grila,I.C,Seismonastie,C,1,Fișe p.51,Strângerea foliolelor la Mimosa pudica la atingere este o:,,,,"[""fotonastie"", ""termonastie"", ""seismonastie"", ""tropism""]",2,,,,,,,,,,,,Răspuns la factori mecanici.
A17-GRI06,A,A17,grila,I.C,Termonastie,C,1,Fișe p.51,Deschiderea florilor de lalea la căldură este:,,,,"[""termonastie"", ""fotonastie"", ""geotropism"", ""chimiotactism""]",0,,,,,,,,,,,,Se închid la frig.
A17-GRI07,A,A17,grila,I.C,Chimiotropism,C,2,Fișe p.51,Orientarea rădăcinii spre sursa de substanțe nutritive este:,,,,"[""chimiotropism"", ""fototropism"", ""fotonastie"", ""seismonastie""]",0,,,,,,,,,,,,
A17-GRI08,A,A17,grila,I.C,Mișcări pasive,C,2,Fișe p.51,O mișcare pasivă a plantelor este:,,,,"[""geotropismul tulpinii"", ""răspândirea semințelor și a fructelor"", ""fototactismul algelor"", ""seismonastia""]",1,,,,,,,,,,,,Fără consum de energie.
A17-ADE01,A,A17,adevarat_fals,I.D,Geotropism,C,1,,,Tulpina prezintă geotropism pozitiv.,,,,,False,Tulpina prezintă geotropism negativ.,,,,,,,,,,Rădăcina: geotropism pozitiv.
A17-ADE02,A,A17,adevarat_fals,I.D,Fotonastii,C,1,,,Florile reginei nopții se deschid noaptea și se închid ziua.,,,,,True,,,,,,,,,,,
A17-ADE03,A,A17,adevarat_fals,I.D,Tropisme,C,1,,,Tropismele sunt mișcări neorientate.,,,,,False,Tropismele sunt mișcări orientate.,,,,,,,,,,Nastiile sunt neorientate.
A17-ADE04,A,A17,adevarat_fals,I.D,Tactisme,C,1,,,Chimiotactismul gameților bărbătești este pozitiv.,,,,,True,,,,,,,,,,,Sunt atrași de substanțele eliminate de gameții femeiești.
A17-COM01,A,A17,completare,I.A,Mișcări,C,1,,,,"Mișcările orientate ale organelor plantei se numesc ............, iar cele neorientate ............ .",,,,,,"[""tropisme"", ""nastii""]",,,,,,,,,
A17-COM02,A,A17,completare,I.A,Mișcări,C,1,,,,Mișcările celulelor mobile ca răspuns la un stimul se numesc ............ .,,,,,,"[""tactisme""]",,,,,,,,,
A17-EXE01,A,A17,exemple_caracteristica,I.B,Tropisme,C,1,,Dați două exemple de tropisme; scrieți câte un exemplu de organ la care apar.,,,,,,,,"[{""example"": ""geotropism pozitiv"", ""feature"": ""rădăcina""}, {""example"": ""geotropism negativ"", ""feature"": ""tulpina""}, {""example"": ""fototropism pozitiv"", ""feature"": ""floarea-soarelui""}]",,,,,,,,,
A17-EXE02,A,A17,exemple_caracteristica,I.B,Nastii,C,1,,Dați două exemple de nastii; scrieți câte un exemplu de plantă.,,,,,,,,"[{""example"": ""fotonastie"", ""feature"": ""regina nopții / zorele""}, {""example"": ""termonastie"", ""feature"": ""lalea""}, {""example"": ""seismonastie"", ""feature"": ""Mimosa pudica""}]",,,,,,,,,
A17-STR01,A,A17,structurat,III.1.b,Tropisme,U,2,,Explicați de ce rădăcina prezintă geotropism pozitiv.,,,,,,,,,"Rădăcina crește în sensul de acțiune al forței gravitației, deci mișcarea este orientată în același sens cu stimulul (tropism pozitiv); astfel ajunge în sol, la apă și substanțe minerale.","[""orientare în sensul stimulului"", ""stimul: gravitația""]",,,,,,,
A17-ENU01,A,A17,enunturi,III.1.c,Mișcări la plante,U,2,,"Construiți patru enunțuri afirmative, câte două pentru fiecare conținut: tropismele; nastiile.",,,,,,,,,,,"[""Tropismele sunt mișcări orientate ale organelor plantei."", ""Tropismele pot fi pozitive sau negative, după sensul față de stimul."", ""Nastiile sunt mișcări neorientate."", ""Nastiile sunt determinate de intensitatea stimulului.""]",,,,,,
A17-MIN01,A,A17,minieseu,III.2.c,Mișcări la plante,U,2,,,,,Mișcările plantelor,,,,,,,,,"Plantele răspund la stimuli prin mișcări active: tactisme, tropisme și nastii. Tropismele sunt mișcări orientate, ca geotropismul pozitiv al rădăcinii, iar nastiile sunt mișcări neorientate, determinate de intensitatea stimulului.","[""stimul"", ""tropism"", ""nastie"", ""tactism"", ""mișcare orientată"", ""rădăcină""]",,,,
A18-GRI01,A,A18,grila,I.C,Substanța albă,C,1,Fișe p.58,Substanța albă a măduvei spinării:,,,,"[""este dispusă la interior, în formă de H"", ""este organizată în cordoane și conduce impulsuri"", ""conține corpii neuronilor care formează centrii reflecși"", ""formează coarnele""]",1,,,,,,,,,,,,"Substanța albă (axoni mielinici) este la exterior, organizată în cordoane (posterioare, anterioare, laterale); are rol de conducere."
A18-GRI02,A,A18,grila,I.C,Substanța cenușie,C,1,Fișe p.57–58,Substanța cenușie a măduvei spinării:,,,,"[""este la exterior"", ""are forma literei H, cu coarne, și rol de centru reflex"", ""este formată din axoni mielinici"", ""este organizată în cordoane""]",1,,,,,,,,,,,,"Este la interior, străbătută de canalul ependimar; coarne posterioare, laterale, anterioare."
A18-GRI03,A,A18,grila,I.C,Localizarea măduvei,C,2,Fișe p.57,Măduva spinării se întinde de la:,,,,"[""C1 până la L2"", ""T1 până la S5"", ""L1 până la coccis"", ""bulb până la C7""]",0,,,,,,,,,,,,Este situată în canalul vertebral.
A18-GRI04,A,A18,grila,I.C,Arcul reflex,C,1,Fișe p.58,Calea aferentă a arcului reflex conduce impulsul:,,,,"[""de la centru la efector"", ""de la receptor la centrul nervos"", ""de la efector la receptor"", ""între doi efectori""]",1,,,,,,,,,,,,Receptor → cale aferentă (senzitivă) → centru nervos → cale eferentă (motoare) → efector.
A18-GRI05,A,A18,grila,I.C,Reflexe monosinaptice,C,2,Fișe p.58,Reflexul rotulian este:,,,,"[""polisinaptic, cu neuroni intercalari"", ""monosinaptic, cu doi neuroni pe traseu"", ""vegetativ exclusiv"", ""de apărare""]",1,,,,,,,,,,,,"Monosinaptice: rotulian, achilean, bicipital, tricipital; latență scurtă, viteză mare."
A18-GRI06,A,A18,grila,I.C,Cerebelul,C,1,Fișe p.59; subiect bac 2025 III.1.b,Cerebelul are rol în:,,,,"[""menținerea echilibrului corpului"", ""reglarea temperaturii corpului"", ""secreția hormonilor sexuali"", ""elaborarea gândirii abstracte""]",0,,,,,,,,,,,,Pe baza informațiilor de la urechea internă; menține tonusul muscular și precizia mișcărilor fine.
A18-GRI07,A,A18,grila,I.C,Hipotalamus,C,2,Fișe p.59,Hipotalamusul:,,,,"[""face parte din trunchiul cerebral"", ""este centru de control al funcțiilor vegetative și reglează homeotermia"", ""este sediul gândirii"", ""conduce numai impulsuri senzitive""]",1,,,,,,,,,,,,"Face parte din diencefal; controlează sistemul endocrin; reglează comportamentele alimentar, sexual, de apărare."
A18-GRI08,A,A18,grila,I.C,Trunchiul cerebral,C,2,Fișe p.59,Trunchiul cerebral este format din:,,,,"[""talamus și hipotalamus"", ""bulb rahidian, punte și mezencefal"", ""lobii frontal și occipital"", ""vermis și emisfere cerebeloase""]",1,,,,,,,,,,,,Este în prelungirea măduvei spinării.
A18-GRI09,A,A18,grila,I.C,Diencefal,C,2,Fișe p.59,Diencefalul cuprinde:,,,,"[""bulb, punte, mezencefal"", ""talamus, epitalamus, metatalamus, hipotalamus"", ""vermis și două emisfere"", ""scizuri și girusuri""]",1,,,,,,,,,,,,"Este în prelungirea trunchiului cerebral, acoperit de emisferele cerebrale."
A18-GRI10,A,A18,grila,I.C,Scoarța cerebrală,C,1,Fișe p.60,Pe suprafața scoarței cerebrale se descriu:,,,,"[""numai arii motorii"", ""arii senzitive, motorii și de asociație"", ""numai arii vizuale"", ""numai nuclei bazali""]",1,,,,,,,,,,,,"Ariile de asociație controlează comportamentul, învățarea, memorarea."
A18-GRI11,A,A18,grila,I.C,Lobii cerebrali,C,1,Fișe p.60,Lobii emisferelor cerebrale sunt:,,,,"[""frontal, temporal, parietal, occipital"", ""cervical, toracic, lombar, sacral"", ""anterior, posterior, lateral, medial"", ""stâng, drept, superior, inferior""]",0,,,,,,,,,,,,Sunt delimitați de scizuri.
A18-GRI12,A,A18,grila,I.C,Parkinson,C,2,Fișe p.60,Boala Parkinson se manifestă prin:,,,,"[""convulsii cu pierderea cunoștinței"", ""rigiditate musculară, tremurături, mers cu pași mici"", ""plăci în substanța albă"", ""paralizia unui membru""]",1,,,,,,,,,,,,Cauză: degenerarea progresivă a sistemului nervos.
A18-GRI13,A,A18,grila,I.C,Epilepsia,C,2,Fișe p.60,Epilepsia se caracterizează prin:,,,,"[""rigiditate musculară"", ""convulsii, pierderea cunoștinței"", ""demielinizare în plăci"", ""paralizie flască""]",1,,,,,,,,,,,,"Cauze: modificări bioelectrice ale unui grup de neuroni, traumatisme craniene, tumori."
A18-GRI14,A,A18,grila,I.C,Scleroza în plăci,C,3,Fișe p.60–61,În scleroza în plăci este afectată:,,,,"[""teaca de mielină din substanța albă"", ""substanța cenușie a cerebelului"", ""retina"", ""nervul optic exclusiv""]",0,,,,,,,,,,,,"Apar leziuni sub formă de plăci; tulburări de echilibru, coordonare, vorbire, vedere."
A18-GRI15,A,A18,grila,I.C,Paralizii,C,2,Fișe p.60,Paralizia unui membru se numește:,,,,"[""tetraplegie"", ""hemiplegie"", ""monoplegie"", ""paraplegie exclusiv""]",2,,,,,,,,,,,,Hemiplegia – jumătate a corpului; tetraplegia – toate membrele.
A18-ADE01,A,A18,adevarat_fals,I.D,Substanța albă,C,1,Simulare 2026 I.D.1,,"La mamifere, substanța albă din structura măduvei spinării este organizată în coarne.",,,,,False,"La mamifere, substanța albă din structura măduvei spinării este organizată în cordoane.",,,,,,,,,,Substanța cenușie formează coarnele.
A18-ADE02,A,A18,adevarat_fals,I.D,Cerebel,C,1,,,Cerebelul menține echilibrul corpului.,,,,,True,,,,,,,,,,,
A18-ADE03,A,A18,adevarat_fals,I.D,Reflex,C,1,,,Reflexul rotulian este polisinaptic.,,,,,False,Reflexul rotulian este monosinaptic.,,,,,,,,,,Are doi neuroni pe traseu.
A18-ADE04,A,A18,adevarat_fals,I.D,Hipotalamus,C,1,,,Hipotalamusul face parte din diencefal.,,,,,True,,,,,,,,,,,
A18-ADE05,A,A18,adevarat_fals,I.D,Măduva,C,1,,,Măduva spinării are două funcții: reflexă și de conducere.,,,,,True,,,,,,,,,,,
A18-COM01,A,A18,completare,I.A,Măduva spinării,C,1,,,,"Substanța ............ a măduvei are rol de centru reflex, iar substanța ............ are rol de conducere.",,,,,,"[""cenușie"", ""albă""]",,,,,,,,,
A18-COM02,A,A18,completare,I.A,Encefal,C,1,,,,"Encefalul este format din trunchi cerebral, ............, diencefal și ............ cerebrale.",,,,,,"[""cerebel"", ""emisfere""]",,,,,,,,,
A18-EXE01,A,A18,exemple_caracteristica,I.B,Etaje ale encefalului,C,1,,Dați două exemple de componente ale encefalului; scrieți câte un rol.,,,,,,,,"[{""example"": ""cerebelul"", ""feature"": ""menține echilibrul și tonusul muscular""}, {""example"": ""hipotalamusul"", ""feature"": ""reglează temperatura corpului și funcțiile vegetative""}, {""example"": ""scoarța cerebrală"", ""feature"": ""etajul superior de integrare al activității sistemului nervos""}]",,,,,,,,,
A18-EXE02,A,A18,exemple_caracteristica,I.B,Boli ale SNC,C,1,,Dați două exemple de boli ale SNC la om; scrieți câte o manifestare.,,,,,,,,"[{""example"": ""boala Parkinson"", ""feature"": ""rigiditate musculară, tremurături""}, {""example"": ""epilepsia"", ""feature"": ""convulsii și pierderea cunoștinței""}, {""example"": ""scleroza în plăci"", ""feature"": ""tulburări de echilibru și coordonare""}]",,,,,,,,,
A18-STR01,A,A18,structurat,III.1.b,Cerebel,U,2,Subiect bac 2025 III.1.b,"Explicați afirmația: „La mamifere, cerebelul are rol în menținerea echilibrului corpului”.",,,,,,,,,"Cerebelul primește informații de la urechea internă (aparatul vestibular) și le integrează; prin conexiunile sale reglează tonusul muscular și poziția corpului, deci menține echilibrul.","[""informații de la urechea internă"", ""tonus muscular și poziția corpului""]",,,,,,,
A18-STR02,A,A18,structurat,II.A.a,Boli ale SNC,C,2,,"Numiți o boală a SNC la om, precizând o cauză, o manifestare și două măsuri de prevenire/factori de risc de evitat.",,,,,,,,,"Exemplu – epilepsia: cauză – traumatisme craniene, tumori, alcoolism; manifestare – convulsii și pierderea cunoștinței; prevenire – evitarea alcoolului și a drogurilor, regim de viață rațional.","[""boală"", ""cauză"", ""manifestare"", ""două măsuri""]",,,,,,,
A18-STR03,A,A18,structurat,III.1.b,Măduva spinării,U,2,Fișe p.58,Explicați de ce măduva spinării are funcție de conducere.,,,,,,,,,"Substanța albă este formată din axoni mielinici grupați în fascicule ascendente (sensibilitate) și descendente (motilitate), care conduc impulsul între măduvă și encefal.","[""substanța albă"", ""fascicule ascendente/descendente""]",,,,,,,
A18-ENU01,A,A18,enunturi,III.1.c,SNC,U,2,Subiect bac 2025 III.1.c (diencefal),"Construiți patru enunțuri afirmative, câte două pentru fiecare conținut: diencefalul; cerebelul.",,,,,,,,,,,"[""Diencefalul este situat în prelungirea trunchiului cerebral."", ""Hipotalamusul din diencefal reglează temperatura corpului."", ""Cerebelul este alcătuit din două emisfere și vermis."", ""Cerebelul menține echilibrul și tonusul muscular.""]",,,,,,
A18-MIN01,A,A18,minieseu,III.2.c,Măduva spinării,U,2,,,,,Măduva spinării,,,,,,,,,"Măduva spinării este localizată în canalul vertebral și are substanță cenușie, centru reflex, și substanță albă, organizată în cordoane. Ea îndeplinește funcția reflexă prin arcul reflex și funcția de conducere.","[""canal vertebral"", ""substanță cenușie"", ""substanță albă"", ""arc reflex"", ""cordoane"", ""conducere""]",,,,
A19-GRI01,A,A19,grila,I.C,Fotoreceptori,U,3,Simulare 2026 I.C.5,Celulele fotosensibile din structura ochiului mamiferelor:,,,,"[""fac sinapsă cu neuronii bipolari"", ""participă la formarea nervului optic"", ""sunt localizate la nivelul coroidei"", ""sunt componente ale sistemului optic""]",0,,,,,,,,,,,,Fotoreceptorii (conuri și bastonașe) sunt în retină și fac sinapsă cu neuronii bipolari; axonii celulelor ganglionare formează nervul optic.
A19-GRI02,A,A19,grila,I.C,Conuri,C,2,Fișe p.39–40,Celulele cu con din retină:,,,,"[""asigură vederea nocturnă, acromatică"", ""predomină în pata galbenă și asigură vederea diurnă, cromatică"", ""lipsesc din pata galbenă"", ""sunt mai numeroase decât bastonașele""]",1,,,,,,,,,,,,Sunt ~7 milioane; exclusive în foveea centralis; bastonașele (~130 milioane) asigură vederea nocturnă.
A19-GRI03,A,A19,grila,I.C,Aparat optic,C,2,Fișe p.40,Fac parte din aparatul optic al ochiului:,,,,"[""sclerotica și coroida"", ""corneea, umoarea apoasă, cristalinul, corpul vitros"", ""retina și pata galbenă"", ""irisul și pupila""]",1,,,,,,,,,,,,Mediile transparente.
A19-GRI04,A,A19,grila,I.C,Coroida,C,2,Fișe p.39,Coroida:,,,,"[""este tunica externă fibroasă"", ""este pigmentată și vascularizată, cu rol trofic și de cameră obscură"", ""conține fotoreceptorii"", ""este transparentă""]",1,,,,,,,,,,,,Tunica medie vasculară cuprinde coroida și irisul.
A19-GRI05,A,A19,grila,I.C,Pupila,C,1,Fișe p.39,Cantitatea de lumină care pătrunde în globul ocular este reglată de:,,,,"[""cristalin"", ""pupilă (iris)"", ""sclerotică"", ""cornee""]",1,,,,,,,,,,,,Irisul este străbătut central de pupilă.
A19-GRI06,A,A19,grila,I.C,Imaginea pe retină,C,2,Fișe p.40,La ochiul emetrop imaginea pe retină este:,,,,"[""reală, mai mare și dreaptă"", ""reală, mai mică și răsturnată"", ""virtuală, dreaptă"", ""formată în fața retinei""]",1,,,,,,,,,,,,Imaginea obiectelor privite se formează pe retină.
A19-GRI07,A,A19,grila,I.C,Miopie,A,2,Fișe p.41,În miopie imaginea se formează:,,,,"[""pe retină"", ""în fața retinei, corecția fiind cu lentile divergente"", ""în spatele retinei, corecția fiind cu lentile divergente"", ""în fața retinei, corecția fiind cu lentile convergente""]",1,,,,,,,,,,,,Glob ocular alungit sau cristalin cu putere de refracție crescută.
A19-GRI08,A,A19,grila,I.C,Hipermetropie,A,2,Fișe p.41,Hipermetropia se corectează cu lentile:,,,,"[""divergente, biconcave"", ""convergente, biconvexe"", ""cilindrice"", ""fumurii""]",1,,,,,,,,,,,,Imaginea se formează în spatele retinei; globul ocular este mai turtit.
A19-GRI09,A,A19,grila,I.C,Astigmatism,A,2,Fișe p.41,Astigmatismul se corectează cu lentile:,,,,"[""divergente"", ""convergente"", ""cilindrice"", ""sferice""]",2,,,,,,,,,,,,Cauză: curbura neuniformă a cristalinului sau a corneei.
A19-GRI10,A,A19,grila,I.C,Organul Corti,C,2,Fișe p.41,Organul Corti este receptorul pentru auz și se află în:,,,,"[""urechea medie"", ""melcul membranos"", ""vestibul"", ""canalele semicirculare""]",1,,,,,,,,,,,,Este așezat pe membrana bazilară.
A19-GRI11,A,A19,grila,I.C,Oscioare,C,1,Fișe p.40,Urechea medie conține:,,,,"[""ciocanul, nicovala și scărița"", ""organul Corti"", ""utricula și sacula"", ""pavilionul""]",0,,,,,,,,,,,,Comunică cu faringele prin trompa lui Eustachio.
A19-GRI12,A,A19,grila,I.C,Echilibru,C,3,Fișe p.41,Receptorii echilibrului se găsesc în:,,,,"[""melcul membranos"", ""crestele ampulare și maculele din sacula și utriculă"", ""timpan"", ""retină""]",1,,,,,,,,,,,,Aparatul vestibular al urechii interne; informația ajunge la cerebel.
A19-GRI13,A,A19,grila,I.C,Piele,C,1,Fișe p.38,Pielea este alcătuită din:,,,,"[""epiderm, derm, hipoderm"", ""sclerotică, coroidă, retină"", ""pavilion, conduct, timpan"", ""mucoasă, submucoasă, musculară""]",0,,,,,,,,,,,,Epidermul nu este vascularizat; dermul conține glande și foliculi piloși; hipodermul – adipocite.
A19-GRI14,A,A19,grila,I.C,Olfacție,C,2,Fișe p.38,Receptorii olfactivi sunt:,,,,"[""mecanoreceptori"", ""chemoreceptori de distanță, neuroni bipolari"", ""fotoreceptori"", ""termoreceptori""]",1,,,,,,,,,,,,Mucoasa olfactivă se află în partea superioară a foselor nazale.
A19-GRI15,A,A19,grila,I.C,Gust,C,1,Fișe p.39,Senzațiile gustative primare sunt:,,,,"[""acru, amar, dulce, sărat"", ""cald, rece, dureros"", ""alb, negru, roșu"", ""tare, moale, aspru""]",0,,,,,,,,,,,,Mugurii gustativi sunt receptori de contact.
A19-GRI16,A,A19,grila,I.C,Surditate,C,3,Fișe p.41–42,Surditatea de conducere apare prin:,,,,"[""leziuni ale nervului acustic"", ""dop de ceară în canalul auditiv sau spargerea timpanului"", ""leziuni ale centrului auditiv din creier"", ""lipsa cerebelului""]",1,,,,,,,,,,,,Leziunea nervului acustic sau a centrilor produce surditate nervoasă.
A19-ADE01,A,A19,adevarat_fals,I.D,Epiderm,C,1,,,Epidermul este bogat vascularizat.,,,,,False,Epidermul este nevascularizat.,,,,,,,,,,Dermul și hipodermul sunt vascularizate.
A19-ADE02,A,A19,adevarat_fals,I.D,Cristalin,C,1,,,"Cristalinul este o lentilă biconvexă, transparentă.",,,,,True,,,,,,,,,,,
A19-ADE03,A,A19,adevarat_fals,I.D,Miopie,C,1,,,Miopia se corectează cu lentile convergente.,,,,,False,Miopia se corectează cu lentile divergente.,,,,,,,,,,Hipermetropia – convergente.
A19-ADE04,A,A19,adevarat_fals,I.D,Bastonașe,C,1,,,Bastonașele lipsesc din foveea centralis.,,,,,True,,,,,,,,,,,
A19-ADE05,A,A19,adevarat_fals,I.D,Urechea medie,C,1,,,Urechea medie conține labirintul membranos.,,,,,False,Urechea internă conține labirintul membranos.,,,,,,,,,,Urechea medie conține oscioarele.
A19-ADE06,A,A19,adevarat_fals,I.D,Strabism,C,1,,,Strabismul este provocat de slăbirea unuia dintre mușchii externi ai globului ocular.,,,,,True,,,,,,,,,,,
A19-COM01,A,A19,completare,I.A,Ochiul,C,1,,,,Fotoreceptorii retinei sunt celulele cu ............ și celulele cu ............ .,,,,,,"[""con"", ""bastonaș""]",,,,,,,,,
A19-COM02,A,A19,completare,I.A,Urechea,C,1,,,,"Urechea medie conține trei oscioare: ciocanul, ............ și ............ .",,,,,,"[""nicovala"", ""scărița""]",,,,,,,,,
A19-COM03,A,A19,completare,I.A,Hipermetropie,C,1,,,,În hipermetropie imaginea se formează în ............ retinei.,,,,,,"[""spatele""]",,,,,,,,,
A19-EXE01,A,A19,exemple_caracteristica,I.B,Deficiențe senzoriale,C,1,Subiect bac 2025 III.1.a,Numiți trei deficiențe senzoriale la om.,,,,,,,,"[{""example"": ""miopia"", ""feature"": ""imagine în fața retinei""}, {""example"": ""hipermetropia"", ""feature"": ""imagine în spatele retinei""}, {""example"": ""astigmatismul"", ""feature"": ""curbură neuniformă""}, {""example"": ""strabismul"", ""feature"": ""axe optice neparalele""}, {""example"": ""surditatea"", ""feature"": ""scăderea acuității auditive""}]",,,,,,,,,Orice trei.
A19-EXE02,A,A19,exemple_caracteristica,I.B,Componente ale urechii,C,1,,Dați două exemple de componente ale urechii interne; scrieți câte un rol.,,,,,,,,"[{""example"": ""melcul membranos (organul Corti)"", ""feature"": ""receptor pentru auz""}, {""example"": ""canalele semicirculare"", ""feature"": ""receptori ai echilibrului""}, {""example"": ""vestibulul membranos (sacula, utricula)"", ""feature"": ""receptori ai echilibrului""}]",,,,,,,,,
A19-STR01,A,A19,structurat,III.1.c,Urechea internă,C,2,Subiect bac 2025 III.1.c,Precizați două caracteristici structurale ale urechii interne la mamifere.,,,,,,,,,"Este formată din labirint osos (vestibul osos, trei canale semicirculare, melc osos) cu perilimfă și labirint membranos situat în interior, cu endolimfă; în melcul membranos se află organul Corti.","[""labirint osos + membranos"", ""perilimfă / endolimfă"", ""organul Corti""]",,,,,,,
A19-STR02,A,A19,structurat,II.A.a,Miopie,C,2,Fișe p.41,"Numiți o deficiență senzorială precizând o cauză, o manifestare și două măsuri de prevenire.",,,,,,,,,"Miopia: cauză – glob ocular alungit; manifestare – imaginea se formează în fața retinei, corecție cu lentile divergente; prevenire – iluminat suficient, distanța ochi–carte de 25–30 cm.","[""boală"", ""cauză"", ""manifestare"", ""două măsuri""]",,,,,,,
A19-STR03,A,A19,structurat,III.1.b,Fotoreceptori,U,2,Fișe p.40,Explicați de ce vederea nocturnă este acromatică.,,,,,,,,,"Vederea nocturnă este asigurată de celulele cu bastonaș, care sunt sensibile la lumină slabă, dar nu disting culorile; culorile sunt percepute de celulele cu con.","[""bastonașe – vedere nocturnă"", ""conurile – culori""]",,,,,,,
A19-ENU01,A,A19,enunturi,III.1.c,Organe de simț,U,2,,"Construiți patru enunțuri afirmative, câte două pentru fiecare conținut: retina; urechea medie.",,,,,,,,,,,"[""Retina este tunica internă a globului ocular."", ""Retina conține celule fotoreceptoare: conuri și bastonașe."", ""Urechea medie conține ciocanul, nicovala și scărița."", ""Urechea medie comunică cu faringele prin trompa lui Eustachio.""]",,,,,,
A19-MIN01,A,A19,minieseu,III.2.c,Ochiul,U,2,,,,,Ochiul,,,,,,,,,"Ochiul este organul văzului, iar lumina trece prin pupilă și cristalin și formează imaginea pe retină. Retina conține fotoreceptori, iar informația este transmisă prin nervul optic spre creier.","[""retină"", ""fotoreceptori"", ""cristalin"", ""pupilă"", ""imagine"", ""nerv optic""]",,,,
A20-GRI01,A,A20,grila,I.C,Androceu,C,1,Subiect bac 2025 I.D.2; fișe p.43,Androceul florii angiospermelor este alcătuit din totalitatea:,,,,"[""carpelelor"", ""staminelor"", ""sepalelor"", ""petalelor""]",1,,,,,,,,,,,,"Stamina = filament + anteră; gineceul = carpele (pistil: ovar, stil, stigmat)."
A20-GRI02,A,A20,grila,I.C,Gineceu,C,1,Fișe p.43–44,Gineceul florii este format din:,,,,"[""stamine"", ""carpele"", ""sepale"", ""petale""]",1,,,,,,,,,,,,"Pistilul: ovar, stil, stigmat."
A20-GRI03,A,A20,grila,I.C,Sac embrionar,C,2,Fișe p.44,Sacul embrionar are:,,,,"[""4 nuclee"", ""7 nuclee"", ""2 nuclee"", ""9 nuclee""]",1,,,,,,,,,,,,Șase sunt haploide (din care oosfera) și unul diploid (nucleul secundar).
A20-GRI04,A,A20,grila,I.C,Fecundația,C,2,Fișe p.44,Prin dubla fecundație la angiosperme se formează:,,,,"[""doi zigoți diploizi"", ""un zigot principal 2n și un zigot accesoriu 3n"", ""doi zigoți triploizi"", ""un zigot haploid""]",1,,,,,,,,,,,,Spermatia + oosferă → zigot principal; a doua spermatie + nucleu diploid → zigot accesoriu (3n).
A20-GRI05,A,A20,grila,I.C,Sămânța,C,1,Fișe p.44,"Din ovulul florii, după fecundație, se formează:",,,,"[""fructul"", ""sămânța"", ""polenul"", ""caliciul""]",1,,,,,,,,,,,,Fructul provine din ovar.
A20-GRI06,A,A20,grila,I.C,Fructul,C,1,Fișe p.44,Fructul se dezvoltă din:,,,,"[""ovul"", ""ovar"", ""stamină"", ""sepală""]",1,,,,,,,,,,,,Sămânța se dezvoltă din ovul.
A20-GRI07,A,A20,grila,I.C,Albumen,C,3,Fișe p.44,Endospermul (albumenul) se formează din:,,,,"[""zigotul principal"", ""zigotul accesoriu"", ""oosferă"", ""tegument""]",1,,,,,,,,,,,,Țesut nutritiv al seminței; celulă triploidă.
A20-GRI08,A,A20,grila,I.C,Tipuri de fructe,C,2,Fișe p.44,Este fruct cărnos de tip drupă:,,,,"[""mărul"", ""prunul (prună)"", ""fasolea"", ""grâul""]",1,,,,,,,,,,,,"Drupe: prun, cireș, cais; bace: tomate, strugure; poame: măr, păr, gutui."
A20-GRI09,A,A20,grila,I.C,Fructe uscate,C,2,Fișe p.44,Păstaia este fruct uscat:,,,,"[""indehiscent"", ""dehiscent"", ""cărnos"", ""fals""]",1,,,,,,,,,,,,"Dehiscente: păstaie (fasole), capsulă (mac); indehiscente: nucă, achenă, cariopsă."
A20-GRI10,A,A20,grila,I.C,Reproducere vegetativă,C,2,Fișe p.43,Tuberculul de cartof este:,,,,"[""tulpină subterană"", ""rădăcină"", ""frunză"", ""fruct""]",0,,,,,,,,,,,,"Rizomul irisului; bulbul – lalea, ceapă; stolonul – căpșun."
A20-GRI11,A,A20,grila,I.C,Stolon,C,2,Fișe p.43,Stolonul este o:,,,,"[""tulpină târâtoare, caracteristică căpșunului"", ""tulpină subterană a cartofului"", ""rădăcină tuberizată"", ""frunză modificată""]",0,,,,,,,,,,,,Reproducerea asexuată vegetativă.
A20-GRI12,A,A20,grila,I.C,Asexuată prin spori,C,1,Fișe p.43,Reproducerea asexuată prin spori este întâlnită la:,,,,"[""gimnosperme"", ""mușchi și ferigi"", ""angiosperme"", ""mamifere""]",1,,,,,,,,,,,,Structuri specializate – spori.
A20-GRI13,A,A20,grila,I.C,Cotiledoane,C,1,Fișe p.44,Numărul de cotiledoane este:,,,,"[""2 la dicotiledonate și 1 la monocotiledonate"", ""1 la dicotiledonate și 2 la monocotiledonate"", ""2 la toate angiospermele"", ""0 la toate""]",0,,,,,,,,,,,,Cotiledoanele conțin substanțe de rezervă.
A20-GRI14,A,A20,grila,I.C,Embrion,C,2,Fișe p.44,Embrionul seminței este alcătuit din:,,,,"[""radiculă, hipocotil, gemulă"", ""tegument, endosperm"", ""ovar, stil, stigmat"", ""filament, anteră""]",0,,,,,,,,,,,,Va forma noua plăntuță.
A20-ADE01,A,A20,adevarat_fals,I.D,Androceu,C,1,Subiect bac 2025 I.D.2,,Androceul florii angiospermelor este alcătuit din totalitatea carpelelor.,,,,,False,Androceul florii angiospermelor este alcătuit din totalitatea staminelor.,,,,,,,,,,Carpelele formează gineceul.
A20-ADE02,A,A20,adevarat_fals,I.D,Fruct,C,1,,,Fructul se formează din ovarul florii după fecundație.,,,,,True,,,,,,,,,,,
A20-ADE03,A,A20,adevarat_fals,I.D,Endosperm,C,1,,,Endospermul seminței provine din zigotul principal.,,,,,False,Endospermul seminței provine din zigotul accesoriu.,,,,,,,,,,Zigotul principal formează embrionul.
A20-ADE04,A,A20,adevarat_fals,I.D,Altoire,C,1,,,Altoiul este un exemplu de reproducere sexuată.,,,,,False,Altoiul este un exemplu de reproducere asexuată vegetativă.,,,,,,,,,,Nu implică fecundație.
A20-ADE05,A,A20,adevarat_fals,I.D,Spermatii,C,1,,,Spermatiile se formează în grăuncioarele de polen.,,,,,True,,,,,,,,,,,
A20-COM01,A,A20,completare,I.A,Floare,C,1,Model după simulare 2026 I.A,,,"Gineceul este format din ............, iar androceul din ............ .",,,,,,"[""carpele"", ""stamine""]",,,,,,,,,
A20-COM02,A,A20,completare,I.A,Fecundația,C,1,,,,"Sămânța provine din ............ florii, iar fructul din ............ florii.",,,,,,"[""ovul"", ""ovar""]",,,,,,,,,
A20-COM03,A,A20,completare,I.A,Stamină,C,1,,,,O stamină este formată din filament și ............ .,,,,,,"[""anteră""]",,,,,,,,,
A20-EXE01,A,A20,exemple_caracteristica,I.B,Reproducere vegetativă,C,1,,Dați două exemple de organe de reproducere asexuată vegetativă; scrieți câte un exemplu de plantă.,,,,,,,,"[{""example"": ""stolon"", ""feature"": ""căpșun, fragi""}, {""example"": ""rizom"", ""feature"": ""iris""}, {""example"": ""bulb"", ""feature"": ""lalea, ceapă""}, {""example"": ""tubercul"", ""feature"": ""cartof""}]",,,,,,,,,
A20-EXE02,A,A20,exemple_caracteristica,I.B,Fructe,C,1,,Dați două exemple de tipuri de fructe cărnoase; scrieți câte un exemplu de plantă.,,,,,,,,"[{""example"": ""drupa"", ""feature"": ""prun, cireș, cais""}, {""example"": ""baca"", ""feature"": ""tomată, strugure""}, {""example"": ""poama"", ""feature"": ""măr, păr, gutui""}]",,,,,,,,,
A20-STR01,A,A20,structurat,III.1.b,Floare,U,2,,Explicați de ce floarea este organul reproducerii sexuate la spermatofite.,,,,,,,,,Floarea conține organele reproducătoare: staminele (care formează grăuncioarele de polen cu spermatiile) și carpelele (cu ovule care conțin sacul embrionar cu oosfera); prin fecundație se formează zigotul.,"[""stamine → spermatii"", ""ovule → oosferă"", ""fecundație → zigot""]",,,,,,,
A20-STR02,A,A20,structurat,III.2.b,Sămânța,C,2,,Precizați părțile componente ale unei semințe de angiosperme.,,,,,,,,,"Tegument, embrion (radiculă, hipocotil, gemulă), cotiledoane și, la unele semințe, endosperm (albumen).","[""tegument"", ""embrion"", ""cotiledoane""]",,,,,,,
A20-ENU01,A,A20,enunturi,III.1.c,Reproducere la plante,U,2,,"Construiți patru enunțuri afirmative, câte două pentru fiecare conținut: androceul; fructul.",,,,,,,,,,,"[""Androceul este totalitatea staminelor florii."", ""O stamină este formată din filament și anteră."", ""Fructul se dezvoltă din ovarul florii după fecundație."", ""Fructele pot fi cărnoase sau uscate.""]",,,,,,
A20-MIN01,A,A20,minieseu,III.2.c,Fecundația la angiosperme,U,2,,,,,Fecundația la angiosperme,,,,,,,,,"Floarea este organul reproducerii sexuate al angiospermelor, iar grăuncioarele de polen formează gameții bărbătești. În ovul are loc fecundația, din care rezultă zigotul. După fecundație ovulul devine sămânță, iar ovarul devine fruct.","[""floare"", ""polen"", ""ovul"", ""zigot"", ""sămânță"", ""fruct""]",,,,
A21-GRI01,A,A21,grila,I.C,Spermatozoid,C,2,Simulare 2026 I.C.3,"În cazul mamiferelor, spermatozoidul:",,,,"[""este o celulă diploidă/2n"", ""participă la procesul de fecundație"", ""reprezintă gonada masculină"", ""se formează în canalele deferente""]",1,,,,,,,,,,,,"Spermatozoidul este gamet haploid, format prin meioză în tuburile seminifere ale testiculului."
A21-GRI02,A,A21,grila,I.C,Testicule,C,1,Fișe p.45,Testiculele:,,,,"[""sunt situate în cavitatea abdominală"", ""sunt glande mixte situate în scrot"", ""produc ovule"", ""sunt glande anexe""]",1,,,,,,,,,,,,Rol exocrin (spermatozoizi) și endocrin (hormon sexual masculin); conțin tuburi seminifere.
A21-GRI03,A,A21,grila,I.C,Prostata,C,2,Fișe p.45,Prostata:,,,,"[""este traversată de uretră și produce un lichid care hrănește spermatozoizii"", ""produce spermatozoizi"", ""este gonadă"", ""se află în scrot""]",0,,,,,,,,,,,,"Glandă anexă, localizată în partea inferioară a vezicii urinare, lângă rect."
A21-GRI04,A,A21,grila,I.C,Ovare,C,1,Fișe p.45,Ovarele:,,,,"[""produc spermatozoizi"", ""sunt glande mixte care conțin foliculi ovarieni"", ""se află în scrot"", ""sunt căi genitale""]",1,,,,,,,,,,,,Rol exocrin (ovule) și endocrin (hormoni sexuali feminini); expulzia ovulului = ovulație.
A21-GRI05,A,A21,grila,I.C,Uterul,C,1,Fișe p.45,Uterul are rolul de:,,,,"[""a produce ovule"", ""implantare a embrionului și dezvoltare a fătului"", ""a conduce spermatozoizii"", ""a secreta hormoni masculini""]",1,,,,,,,,,,,,Elimină fătul în timpul nașterii.
A21-GRI06,A,A21,grila,I.C,Uretra masculină,C,1,Fișe p.45,Uretra la bărbat elimină:,,,,"[""numai urina"", ""urina și sperma"", ""numai sperma"", ""bila""]",1,,,,,,,,,,,,Rol dublu: micțiune și ejaculare.
A21-GRI07,A,A21,grila,I.C,Sifilis,C,1,Fișe p.46,Sifilisul este produs de:,,,,"[""o ciupercă (Candida)"", ""o bacterie spirochetă"", ""un virus (HIV)"", ""un protozoar""]",1,,,,,,,,,,,,"Evoluează în trei stadii: primar (șancru), secundar (rozeola), terțiar (inimă și creier afectate)."
A21-GRI08,A,A21,grila,I.C,Gonoreea,C,1,Subiect bac 2025 I.D.1; fișe p.46,Agentul cauzal al gonoreei este:,,,,"[""un virus"", ""gonococul"", ""o ciupercă"", ""un protozoar""]",1,,,,,,,,,,,,"Manifestări: usturimi uretrale, scurgeri galben-verzui; complicații: sterilitate."
A21-GRI09,A,A21,grila,I.C,Candidoza,C,1,Fișe p.46,Candidoza este cauzată de:,,,,"[""o bacterie"", ""ciuperca Candida albicans"", ""un virus"", ""un parazit sanguin""]",1,,,,,,,,,,,,"Manifestări: scurgere vaginală albicioasă, mâncărime, usturime la urinare."
A21-GRI10,A,A21,grila,I.C,SIDA,C,1,Fișe p.46,SIDA este produsă de:,,,,"[""bacteria spirochetă"", ""virusul HIV"", ""ciuperca Candida"", ""gonococ""]",1,,,,,,,,,,,,"Determină depresie imună majoră; prevenire: igienă, evitarea utilizării în comun a seringilor, controlul donatorilor de sânge."
A21-GRI11,A,A21,grila,I.C,Gametogeneză,C,1,Fișe p.44,Spermatogeneza are loc în:,,,,"[""ovare"", ""testicule"", ""prostată"", ""uter""]",1,,,,,,,,,,,,Ovogeneza – în ovare; ambele prin meioză.
A21-GRI12,A,A21,grila,I.C,Fecundația,U,2,Fișe p.44,Fecundația:,,,,"[""înjumătățește numărul de cromozomi"", ""dublează numărul de cromozomi prin contopirea a două celule haploide"", ""are loc în prostată"", ""formează gameții""]",1,,,,,,,,,,,,Meioza înjumătățește numărul de cromozomi la formarea gameților.
A21-ADE01,A,A21,adevarat_fals,I.D,Gonoreea,C,1,Subiect bac 2025 I.D.1,,Gonoreea este o boală cu transmitere sexuală cauzată de infecția cu o ciupercă.,,,,,False,Gonoreea este o boală cu transmitere sexuală cauzată de infecția cu o bacterie (gonococ).,,,,,,,,,,Candidoza este cauzată de o ciupercă.
A21-ADE02,A,A21,adevarat_fals,I.D,Rinichi,C,1,Subiect bac 2025 I.D.3,,Rinichii sunt componente ale sistemului excretor al mamiferelor.,,,,,True,,,,,,,,,,,
A21-ADE03,A,A21,adevarat_fals,I.D,SIDA,C,1,,,SIDA este produsă de un virus.,,,,,True,,,,,,,,,,,HIV.
A21-ADE04,A,A21,adevarat_fals,I.D,Ovulație,C,1,,,Expulzia ovulului din ovar se numește fecundație.,,,,,False,Expulzia ovulului din ovar se numește ovulație.,,,,,,,,,,Fecundația este contopirea gameților.
A21-ADE05,A,A21,adevarat_fals,I.D,Testicul,C,1,,,Testiculele sunt glande mixte.,,,,,True,,,,,,,,,,,Exocrin și endocrin.
A21-COM01,A,A21,completare,I.A,Gametogeneză,C,1,,,,"Formarea spermatozoizilor se numește ............, iar formarea ovulelor se numește ............ .",,,,,,"[""spermatogeneză"", ""ovogeneză""]",,,,,,,,,
A21-COM02,A,A21,completare,I.A,BTS,C,1,,,,"Sifilisul este produs de o ............, iar candidoza de o ............ .",,,,,,"[""bacterie (spirochetă)"", ""ciupercă (Candida albicans)""]",,,,,,,,,
A21-EXE01,A,A21,exemple_caracteristica,I.B,Organe genitale feminine,C,1,,Dați două exemple de organe ale sistemului reproducător feminin; scrieți câte un rol.,,,,,,,,"[{""example"": ""ovarul"", ""feature"": ""produce ovule și hormoni sexuali feminini""}, {""example"": ""uterul"", ""feature"": ""implantarea embrionului și dezvoltarea fătului""}, {""example"": ""trompele uterine"", ""feature"": ""conduc ovulul""}]",,,,,,,,,
A21-EXE02,A,A21,exemple_caracteristica,I.B,BTS,C,1,,Dați două exemple de boli cu transmitere sexuală; scrieți câte un agent cauzal.,,,,,,,,"[{""example"": ""sifilis"", ""feature"": ""o bacterie spirochetă""}, {""example"": ""gonoree"", ""feature"": ""gonococul""}, {""example"": ""candidoză"", ""feature"": ""Candida albicans (ciupercă)""}, {""example"": ""SIDA"", ""feature"": ""virusul HIV""}]",,,,,,,,,
A21-STR01,A,A21,structurat,II.A.a,BTS,C,2,Fișe p.46,"Numiți o boală cu transmitere sexuală, precizând: o cauză, o manifestare, două măsuri de prevenire.",,,,,,,,,"Exemplu – gonoreea: cauză – gonococul (bacterie); manifestare – usturimi uretrale, scurgere galben-verzuie; prevenire – folosirea prezervativului, evitarea partenerilor multipli/necunoscuți.","[""boală"", ""cauză"", ""manifestare"", ""două măsuri""]",,,,,,,
A21-STR02,A,A21,structurat,III.2.b,Meioză și fecundație,U,2,Fișe p.44,Explicați de ce numărul de cromozomi se păstrează constant la om de la o generație la alta.,,,,,,,,,"Prin meioză gameții devin haploizi (n = 23), iar prin fecundație zigotul redevine diploid (2n = 46).","[""meioza → n"", ""fecundația → 2n""]",,,,,,,
A21-ENU01,A,A21,enunturi,III.1.c,Sistem reproducător,U,2,,"Construiți patru enunțuri afirmative, câte două pentru fiecare conținut: testiculul; uterul.",,,,,,,,,,,"[""Testiculul este o glandă mixtă situată în scrot."", ""Tuburile seminifere ale testiculului produc spermatozoizi prin meioză."", ""Uterul este locul de implantare a embrionului."", ""Uterul elimină fătul în timpul nașterii.""]",,,,,,
A21-MIN01,A,A21,minieseu,III.2.c,BTS,U,2,,,,,Bolile cu transmitere sexuală,,,,,,,,,"Bolile cu transmitere sexuală sunt produse de agenți patogeni diferiți: sifilisul de o bacterie spirochetă, gonoreea de gonococ, candidoza de o ciupercă, iar SIDA de virusul HIV. Prevenirea se face prin evitarea partenerilor multipli și prin igienă.","[""sifilis"", ""gonoree"", ""candidoză"", ""HIV"", ""prevenire"", ""agent patogen""]",,,,
A22-GRI01,A,A22,grila,I.C,Heterozigot,C,1,Fișe p.23,Un organism cu genotipul Aa este:,,,,"[""homozigot dominant"", ""heterozigot"", ""homozigot recesiv"", ""haploid""]",1,,,,,,,,,,,,Aa are două alele diferite → heterozigot; AA și aa sunt homozigote.
A22-GRI02,A,A22,grila,I.C,Genotip,C,1,Fișe p.23,Totalitatea factorilor ereditari ai unui organism formează:,,,,"[""fenotipul"", ""genotipul"", ""mediul"", ""caracterul""]",1,,,,,,,,,,,,Fenotipul = totalitatea însușirilor rezultate din interacțiunea genotip – mediu.
A22-GRI03,A,A22,grila,I.C,Fenotip,C,2,Fișe p.23,Fenotipul unui organism rezultă din interacțiunea dintre:,,,,"[""genotip și mediu"", ""doi gameți"", ""două cromozomi"", ""genă și proteină exclusiv""]",0,,,,,,,,,,,,Genotipul nu determină singur fenotipul.
A22-GRI04,A,A22,grila,I.C,Gene alele,C,1,Fișe p.23,Genele alele sunt:,,,,"[""gene care determină manifestări contrastante ale aceluiași caracter"", ""gene de pe cromozomi diferiți"", ""gene care determină caractere diferite"", ""gene numai recesive""]",0,,,,,,,,,,,,Exemplu: ochi negri – ochi albaștri.
A22-GRI05,A,A22,grila,I.C,Celule somatice,C,1,Fișe p.23,Genele alele sunt perechi în:,,,,"[""gameți"", ""celule somatice (2n)"", ""spermatozoizi"", ""ovule""]",1,,,,,,,,,,,,În gameți (celule haploide) alelele sunt nepereche.
A22-GRI06,A,A22,grila,I.C,Tipuri de gameți,C,2,Fișe p.25,Genotipul NzGg formează tipuri de gameți în număr de:,,,,"[""2"", ""4"", ""8"", ""16""]",1,,,,,,,,,,,,"2ⁿ, n = nr. de perechi heterozigote (2² = 4): NG, Ng, zG, zg."
A22-GRI07,A,A22,grila,I.C,Gameți homozigot,C,2,Fișe p.25,Genotipul NNGG formează gameți:,,,,"[""NG și zg"", ""NG (un singur tip)"", ""NN și GG"", ""NG, Ng, zG, zg""]",1,,,,,,,,,,,,Homozigoții formează un singur tip de gameți.
A22-GRI08,A,A22,grila,I.C,Legea 1,C,1,Fișe p.25,Legea purității gameților afirmă că gameții conțin:,,,,"[""ambii factori ereditari ai perechii"", ""un singur factor ereditar din fiecare pereche"", ""numai factori dominanți"", ""numai factori recesivi""]",1,,,,,,,,,,,,Gameții sunt puri genetic.
A22-GRI09,A,A22,grila,I.C,Uniformitate,C,1,Fișe p.25,"Prin încrucișarea NN × zz, generația F1 este formată din:",,,,"[""50% NN și 50% zz"", ""100% Nz, cu boabe netede"", ""100% zz"", ""75% netede și 25% zbârcite""]",1,,,,,,,,,,,,F1 este uniformă genotipic și fenotipic.
A22-GRI10,A,A22,grila,I.C,Raport genotipic,C,1,Fișe p.25,Raportul de segregare după genotip în F2 la monohibridare este:,,,,"[""3:1"", ""1:2:1"", ""9:3:3:1"", ""1:1""]",1,,,,,,,,,,,,Fenotipic: 3:1; genotipic: 1:2:1.
A22-GRI11,A,A22,grila,I.C,Raport dihibridare,C,1,Fișe p.26,Raportul fenotipic în F2 la dihibridare este:,,,,"[""3:1"", ""1:2:1"", ""9:3:3:1"", ""1:1:1:1""]",2,,,,,,,,,,,,16 combinații; 4 fenotipuri.
A22-GRI12,A,A22,grila,I.C,Combinații F2,C,1,Fișe p.26; Bac 2025 II.B,Prin încrucișarea hibrizilor dublu heterozigoți din F1 se obțin în F2:,,,,"[""4 combinații"", ""8 combinații"", ""9 combinații"", ""16 combinații""]",3,,,,,,,,,,,,4 × 4 tipuri de gameți = 16.
A22-GRI13,A,A22,grila,I.C,Mazăre,C,1,Fișe p.24,Mendel a ales mazărea pentru experimente deoarece:,,,,"[""este plantă autogamă, ușor de cultivat, cu multe semințe"", ""este plantă alogamă"", ""produce puține semințe"", ""nu poate forma soiuri pure""]",0,,,,,,,,,,,,Autopolenizarea permite obținerea de soiuri pure.
A22-GRI14,A,A22,grila,I.C,Codominanță,C,1,Fișe p.26; Simulare 2026 III.2.b,Grupa de sânge IV (AB) este un exemplu de:,,,,"[""dominanță completă"", ""codominanță"", ""recesivitate"", ""mutație""]",1,,,,,,,,,,,,Alelele LA și LB sunt codominante și se manifestă împreună.
A22-GRI15,A,A22,grila,I.C,Grupa A,C,2,Fișe p.26,Persoana cu grupa II(A) poate avea genotipul:,,,,"[""ll"", ""LAl"", ""LALB"", ""LBl""]",1,,,,,,,,,,,,Grupa II: LALA sau LAl.
A22-GRI16,A,A22,grila,I.C,Grupa 0,C,1,Fișe p.26,Persoana cu grupa I(O) are genotipul:,,,,"[""LAl"", ""LBl"", ""ll"", ""LALB""]",2,,,,,,,,,,,,Este homozigotă recesivă.
A22-GRI17,A,A22,grila,I.C,Aglutinine,C,2,Fișe p.27,În plasma persoanei cu grupa II(A) se găsesc anticorpii:,,,,"[""alfa"", ""alfa și beta"", ""beta"", ""niciunul""]",2,,,,,,,,,,,,Aglutinogenul și aglutinina de același fel nu pot coexista (A cu anti-A / alfa).
A22-GRI18,A,A22,grila,I.C,Donator universal,C,1,Fișe p.27,Donatorul universal este persoana cu grupa:,,,,"[""I (O)"", ""II (A)"", ""III (B)"", ""IV (AB)""]",0,,,,,,,,,,,,Nu are antigene pe hematii; primitor universal: IV (AB).
A22-GRI19,A,A22,grila,I.C,Importanță,C,1,Fișe p.26,Cunoașterea legilor lui Mendel permite:,,,,"[""acordarea sfatului genetic"", ""dispariția mutațiilor"", ""modificarea genotipului prin mediu"", ""înlocuirea fecundației""]",0,,,,,,,,,,,,Și ameliorarea soiurilor și raselor.
A22-GRI20,A,A22,grila,I.C,Retroîncrucișare,A,2,Calculat cu motorul de genetică,"Din încrucișarea Nz × zz, procentul descendenților cu boabe zbârcite este:",,,,"[""0%"", ""25%"", ""50%"", ""75%""]",2,,,,,,,,,,,,Nz × zz → 1 Nz : 1 zz.
A22-ADE01,A,A22,adevarat_fals,I.D,Heterozigot,C,1,,,Genotipul NN este heterozigot.,,,,,False,Genotipul NN este homozigot.,,,,,,,,,,Heterozigot = alele diferite (Nz).
A22-ADE02,A,A22,adevarat_fals,I.D,Gameți,C,1,,,Gameții conțin câte un factor ereditar din fiecare pereche.,,,,,True,,,,,,,,,,,Legea purității gameților.
A22-ADE03,A,A22,adevarat_fals,I.D,Raport,C,1,,,Raportul genotipic în F2 la monohibridare este 3:1.,,,,,False,Raportul fenotipic în F2 la monohibridare este 3:1.,,,,,,,,,,Genotipic: 1:2:1.
A22-ADE04,A,A22,adevarat_fals,I.D,Codominanță,C,1,,,Grupa AB(IV) este determinată de alele aflate în relație de codominanță.,,,,,True,,,,,,,,,,,
A22-ADE05,A,A22,adevarat_fals,I.D,Donare,C,1,,,Persoana cu grupa IV(AB) este donator universal.,,,,,False,Persoana cu grupa I(O) este donator universal.,,,,,,,,,,AB – primitor universal.
A22-ADE06,A,A22,adevarat_fals,I.D,Mazăre,C,1,,,Mazărea este o plantă autogamă.,,,,,True,,,,,,,,,,,Autopolenizare.
A22-COM01,A,A22,completare,I.A,Genotip,C,1,,,,"Totalitatea genelor formează ............, iar totalitatea însușirilor – ............ .",,,,,,"[""genotipul"", ""fenotipul""]",,,,,,,,,
A22-COM02,A,A22,completare,I.A,Mendel,C,1,,,,Generația F1 obținută din părinți homozigoți este ............ genotipic și fenotipic.,,,,,,"[""uniformă""]",,,,,,,,,
A22-COM03,A,A22,completare,I.A,Gameți,C,1,,,,Legea ............ gameților afirmă că gameții conțin un singur factor din pereche.,,,,,,"[""purității""]",,,,,,,,,
A22-COM04,A,A22,completare,I.A,Grupe,C,1,,,,Alelele LA și LB sunt în relație de ............ și determină grupa ............ .,,,,,,"[""codominanță"", ""IV (AB)""]",,,,,,,,,
A22-EXE01,A,A22,exemple_caracteristica,I.B,Homo/heterozigot,C,1,,Dați două exemple de genotipuri; precizați dacă sunt homozigote sau heterozigote.,,,,,,,,"[{""example"": ""NN"", ""feature"": ""homozigot dominant""}, {""example"": ""Nz"", ""feature"": ""heterozigot""}, {""example"": ""zz"", ""feature"": ""homozigot recesiv""}]",,,,,,,,,
A22-EXE02,A,A22,exemple_caracteristica,I.B,Grupe de sânge,C,1,,Dați două exemple de grupe de sânge; scrieți câte un genotip posibil.,,,,,,,,"[{""example"": ""grupa II (A)"", ""feature"": ""LALA sau LAl""}, {""example"": ""grupa III (B)"", ""feature"": ""LBLB sau LBl""}, {""example"": ""grupa I (O)"", ""feature"": ""ll""}, {""example"": ""grupa IV (AB)"", ""feature"": ""LALB""}]",,,,,,,,,
A22-STR01,A,A22,structurat,III.2.b,Codominanță,C,3,Simulare 2026 III.2.b,Precizați un argument în favoarea afirmației: „Codominanța este un exemplu de abatere de la segregarea mendeliană”.,,,,,,,,,"La grupele de sânge, alelele LA și LB sunt codominante și determină un fenotip nou (grupa AB), nu unul dintre fenotipurile părinților, ca în dominanța completă.","[""alele LA și LB"", ""fenotip nou: AB""]",,,,,,,
A22-STR02,A,A22,structurat,III.2.b,Legile lui Mendel,C,2,Fișe p.26,Enunțați legea segregării independente a perechilor de caractere.,,,,,,,,,Fiecare pereche de gene alele segregă independent de alte perechi de gene (dihibridare: 9:3:3:1).,"[""legea"", ""independent""]",,,,,,,
A22-STR03,A,A22,structurat,III.1.b,Mazăre,U,2,Fișe p.24,Explicați de ce mazărea este un organism potrivit pentru experimentele lui Mendel.,,,,,,,,,"Este autogamă, ceea ce permite soiuri pure, ușor de cultivat și produce multe semințe, deci se pot urmări corect caracterele.","[""autogamă"", ""soiuri pure""]",,,,,,,
A22-ENU01,A,A22,enunturi,III.1.c,Ereditate,U,2,,"Construiți patru enunțuri afirmative, câte două pentru fiecare conținut: legea purității gameților; codominanța.",,,,,,,,,,,"[""Legea purității gameților afirmă că gameții conțin un singur factor din pereche."", ""Gameții sunt întotdeauna puri genetic."", ""Codominanța este o abatere de la segregarea mendeliană."", ""Codominanța determină apariția grupei de sânge AB.""]",,,,,,
A22-MIN01,A,A22,minieseu,III.2.c,Legile lui Mendel,U,2,,,,,Legile lui Mendel,,,,,,,,,"Mendel a urmărit transmiterea caracterelor prin monohibridare și dihibridare, observând că gametul conține un singur factor din perechea de alele. F1 este uniformă, iar în F2 are loc segregarea caracterelor, în raport de 3:1 sau 9:3:3:1.","[""monohibridare"", ""dihibridare"", ""gamet"", ""alele"", ""F1"", ""segregare""]",,,,
A22-PRO01,A,A22,problema_genetica,II.B,"Dihibridare (F1 × F1, 16 combinații)",A,2,Bac 2025 II.B (model),"Se încrucișează un soi de pepene cu fructe oval-alungite (O) și de culoare galben-auriu (v) cu un soi de pepene cu fructe rotunde (o) și de culoare verde-deschis (V). Părinții sunt homozigoți pentru ambele caractere. În F1 se obțin hibrizi; prin încrucișarea lor între ei se obțin în F2 16 combinații. Stabiliți: a) tipurile de gameți formați de organismele din F1; b) fenotipul organismelor din F1; c) numărul combinațiilor din F2 dublu heterozigote și al celor dublu homozigote; genotipul organismelor din F2 cu fructe rotunde, galben-auriu; d) completați problema cu o altă cerință formulată de voi și rezolvați-o.",,,,,,,,,,,,,,"{""P"": ""OOvv x ooVV"", ""F1_x_F1"": ""OoVv x OoVv"", ""dominante"": ""O (oval-alungit), V (verde-deschis)""}","[""Genotipuri părinți: OOvv și ooVV; gameți: Ov și oV → F1 = OoVv (100%)."", ""a) Gameți F1 (OoVv): OV, Ov, oV, ov → 2² = 4 tipuri."", ""b) F1: O și V sunt dominante → fructe oval-alungite, de culoare verde-deschis (100%, uniformitate)."", ""c) Dublu heterozigote (OoVv): 4 din 16; dublu homozigote (OOVV, OOvv, ooVV, oovv): 4 din 16; fructe rotunde (oo), galben-auriu (vv) → genotip oovv."", ""d) Exemplu de cerință: raportul de segregare după fenotip în F2 → oval-alungite, verde-deschis: 9/16 = 56,25% (genotipuri: OOVV, OOVv, OoVV, OoVv); oval-alungite, galben-auriu: 3/16 = 18,75% (genotipuri: OOvv, Oovv); rotunde, verde-deschis: 3/16 = 18,75% (genotipuri: ooVV, ooVv); rotunde, galben-auriu: 1/16 = 6,25% (genotipuri: oovv) → raport 9:3:3:1.""]","a) OV, Ov, oV, ov; b) fructe oval-alungite, verde-deschis; c) 4 dublu heterozigote, 4 dublu homozigote; genotip: oovv; d) raport fenotipic 9:3:3:1",
A22-PRO02,A,A22,problema_genetica,II.B,Dihibridare cu părinți heterozigoți pentru un caracter,A,2,Simulare 2026 II.B (model),"Se încrucișează un soi de dovlecel cu fructe cilindrice (o), de culoare verde-închis (V), heterozigot pentru culoare, cu un soi de dovlecel cu fructe ovale (O), de culoare crem-gălbui (v), heterozigot pentru forma fructelor. Stabiliți: a) genotipurile părinților; b) tipurile de gameți ai părintelui cu fructe ovale, crem-gălbui; c) procentul descendenților din F1 cu fructe verde-închis și genotipul lor; d) completați problema cu o cerință formulată de voi și rezolvați-o.",,,,,,,,,,,,,,"{""parinte_1"": ""ooVv"", ""parinte_2"": ""Oovv""}","[""a) Cilindrice (o) = recesiv → oo; verde-închis, heterozigot → Vv ⇒ ooVv. Ovale, heterozigot → Oo; crem-gălbui (v) recesiv → vv ⇒ Oovv."", ""b) Părinte Oovv: Ov, ov (2 tipuri). (Celălalt părinte, ooVv: oV, ov.)"", ""c) Din 16 combinații, descendenții F1: ovale, verde-închis: 1/4 = 25% (genotipuri: OoVv); cilindrice, verde-închis: 1/4 = 25% (genotipuri: ooVv); ovale, crem-gălbui: 1/4 = 25% (genotipuri: Oovv); cilindrice, crem-gălbui: 1/4 = 25% (genotipuri: oovv)."", ""c) Verde-închis (V_): 8 din 16 = 50%; genotipuri: OoVv, ooVv."", ""d) Exemplu: raportul fenotipic în F1 → 1:1:1:1.""]","a) ooVv × Oovv; b) Ov, ov; c) 50%, genotipuri OoVv, ooVv; d) raport fenotipic 1:1:1:1",
A22-PRO03,A,A22,problema_genetica,II.B,"Monohibridare, F1 × F1",A,1,Fișe p.25 (model),"La mazăre, aspectul neted al bobului (N) domină asupra aspectului zbârcit (z). Se încrucișează două plante hibride din F1 (Nz × Nz). Stabiliți: a) tipurile de gameți ai unei plante din F1; b) genotipurile și fenotipurile descendenților F2; c) raportul de segregare după fenotip și după genotip; d) procentul plantelor cu boabe zbârcite.",,,,,,,,,,,,,,"{""F1"": ""Nz x Nz""}","[""a) Nz → N, z (puritatea gameților: fiecare gamet are un singur factor din pereche)."", ""b) F2 (4 combinații): boabe netede: 3/4 = 75% (genotipuri: NN, Nz); boabe zbârcite: 1/4 = 25% (genotipuri: zz)."", ""c) Raport fenotipic 3:1; genotipic 1:2:1 (NN : Nz : zz = 1:2:1 din 4)."", ""d) zz = 1 din 4 = 25%.""]","a) N, z; b) NN, Nz (netede), zz (zbârcite); c) fenotip 3:1, genotip 1:2:1; d) 25%",
A22-PRO04,A,A22,problema_genetica,II.B,Încrucișare cu dublu recesiv (dihibridare),A,2,Fișe p.25–26 (model),"La mazăre, boabele netede (N) și galbene (G) sunt dominante față de cele zbârcite (z) și verzi (g). Se încrucișează o plantă dublu heterozigotă cu una cu boabe zbârcite și verzi. Stabiliți: a) genotipul fiecărui părinte; b) gameții formați; c) raportul fenotipic al descendenților și procentul plantelor cu boabe zbârcite, galbene.",,,,,,,,,,,,,,"{""P"": ""NzGg x zzgg""}","[""a) Dublu heterozigot: NzGg; cu boabe zbârcite și verzi (recesiv pentru ambele): zzgg."", ""b) NzGg → NG, Ng, zG, zg (4 tipuri); zzgg → zg (1 tip)."", ""c) netede, galbene: 1/4 = 25% (genotipuri: NzGg); netede, verzi: 1/4 = 25% (genotipuri: Nzgg); zbârcite, galbene: 1/4 = 25% (genotipuri: zzGg); zbârcite, verzi: 1/4 = 25% (genotipuri: zzgg)."", ""c) Raport 1:1:1:1; zbârcite, galbene: 4 din 16 = 25%.""]","a) NzGg × zzgg; b) NG, Ng, zG, zg / zg; c) 1:1:1:1; 25% zbârcite și galbene (zzGg)",
A22-PRO05,A,A22,problema_genetica,II.B,Grupe de sânge – codominanță,A,2,Fișe p.26–27 (model),"Doi părinți au grupele de sânge II(A) și III(B), ambii heterozigoți. Stabiliți: a) genotipurile părinților; b) gameții formați; c) grupele de sânge posibile ale copiilor și probabilitatea fiecăreia; d) ce alele determină grupa IV(AB) și ce relație există între ele.",,,,,,,,,,,,,,"{""parinti"": ""II(A) heterozigot x III(B) heterozigot""}","[""a) II(A) heterozigot → LAl; III(B) heterozigot → LBl."", ""b) LAl → LA, l; LBl → LB, l."", ""c) IV (AB): 1/4 = 25% (genotipuri: LALB); II (A): 1/4 = 25% (genotipuri: LAl); III (B): 1/4 = 25% (genotipuri: LBl); I (O): 1/4 = 25% (genotipuri: ll)."", ""d) Grupa IV(AB) are genotipul LALB: alelele LA și LB sunt codominante – ambele se manifestă în fenotip.""]","a) LAl × LBl; b) LA, l / LB, l; c) fiecare grupă – 25% (I, II, III, IV); d) LALB, codominanță",
A22-PRO06,A,A22,problema_genetica,II.B,Grupe de sânge – IV × I,A,2,Fișe p.26–27 (model),Un bărbat cu grupa IV(AB) și o femeie cu grupa I(O) au copii. Stabiliți: a) genotipurile părinților; b) grupele posibile ale copiilor; c) dacă un copil poate avea grupa I(O); explicați.,,,,,,,,,,,,,,"{""parinti"": ""IV (AB) x I (O)""}","[""a) IV(AB) → LALB; I(O) → ll."", ""b) II (A): 1/2 = 50% (genotipuri: LAl); III (B): 1/2 = 50% (genotipuri: LBl)."", ""c) Nu: bărbatul nu are alela l, deci copiii primesc de la el LA sau LB; niciun copil nu este ll.""]","a) LALB × ll; b) II(A) 50% (LAl), III(B) 50% (LBl); c) nu, tatăl nu transmite alela l",
A23-GRI01,A,A23,grila,I.C,Crossing-over,C,2,Fișe p.28,Schimbul reciproc de gene între cromatidele nesurori ale cromozomilor omologi se numește:,,,,"[""segregare independentă"", ""crossing-over"", ""fecundație"", ""mitoză""]",1,,,,,,,,,,,,"Are loc în profaza I a meiozei, la nivelul chiasmelor."
A23-GRI02,A,A23,grila,I.C,Profaza I,C,2,Fișe p.28,Recombinarea genetică intracromozomală are loc în:,,,,"[""profaza I a meiozei"", ""metafaza mitozei"", ""anafaza II"", ""interfază""]",0,,,,,,,,,,,,Cromozomii omologi formează bivalenți (tetrade).
A23-GRI03,A,A23,grila,I.C,Bivalent,C,2,Fișe p.28,Un bivalent (tetradă cromozomală) este format din:,,,,"[""doi cromozomi omologi"", ""doi cromozomi neomologi"", ""o singură cromatidă"", ""doi gameți""]",0,,,,,,,,,,,,Unul matern și unul patern.
A23-GRI04,A,A23,grila,I.C,Sex homogametic,C,1,Fișe p.28,"La om, sexul homogametic este:",,,,"[""masculin (XY)"", ""feminin (XX)"", ""masculin (XX)"", ""feminin (XY)""]",1,,,,,,,,,,,,Femeia formează un singur tip de gameți (cu X); bărbatul (XY) – două tipuri.
A23-GRI05,A,A23,grila,I.C,Gameți bărbat,C,1,Fișe p.28,Bărbatul formează gameți:,,,,"[""numai cu X"", ""numai cu Y"", ""50% cu X și 50% cu Y"", ""XY""]",2,,,,,,,,,,,,Heterogametic.
A23-GRI06,A,A23,grila,I.C,Tip A,C,2,Fișe p.28,Determinismul sexului de tip Drosophila (A) se întâlnește la:,,,,"[""păsări"", ""mamifere"", ""reptile"", ""amfibieni""]",1,,,,,,,,,,,,"Și la musculița de oțet, hamei, cânepă, spanac."
A23-GRI07,A,A23,grila,I.C,Tip B,C,3,Fișe p.28,"În tipul Abraxas (B), sexul heterogametic este:",,,,"[""masculin"", ""feminin"", ""ambele"", ""niciunul""]",1,,,,,,,,,,,,"Masculul are XX (homogametic), femela XY."
A23-GRI08,A,A23,grila,I.C,Mutație,C,2,Fișe p.29,Mutațiile sunt:,,,,"[""modificări ale materialului genetic care nu sunt consecința recombinării"", ""doar modificări ale fenotipului din mediu"", ""întotdeauna benefice"", ""numai cromozomale""]",0,,,,,,,,,,,,Majoritatea sunt dăunătoare; puține utile.
A23-GRI09,A,A23,grila,I.C,Mutații gametice,C,2,Fișe p.29,Mutațiile care se transmit ereditar sunt:,,,,"[""somatice"", ""gametice"", ""toate neutre"", ""numai genomice""]",1,,,,,,,,,,,,Cele somatice produc o structură mozaicată.
A23-GRI10,A,A23,grila,I.C,Tipuri,C,2,Fișe p.29,"După structura afectată, mutațiile pot fi:",,,,"[""gametice și somatice"", ""genice, cromozomale și genomice"", ""fizice, chimice și biologice"", ""autozomale și letale""]",1,,,,,,,,,,,,Gametice/somatice – după tipul de celulă; fizici/chimici/biologici – factorii mutageni.
A23-GRI11,A,A23,grila,I.C,Punctiformă,C,2,Fișe p.29,Mutația care afectează o pereche de nucleotide din gene este:,,,,"[""genomică"", ""punctiformă (genică)"", ""cromozomială numerică"", ""somatică exclusiv""]",1,,,,,,,,,,,,Este cea mai mică mutație.
A23-GRI12,A,A23,grila,I.C,Poliploidie,C,2,Fișe p.29,"Multiplicarea seturilor de cromozomi (3n, 4n) este:",,,,"[""aneuploidie"", ""poliploidie"", ""mutație punctiformă"", ""crossing-over""]",1,,,,,,,,,,,,"Aneuploidia: variația numărului de cromozomi fără modificarea setului de bază (2n–1, 2n+1)."
A23-GRI13,A,A23,grila,I.C,Factori fizici,C,2,Fișe p.29,Este agent mutagen fizic:,,,,"[""acidul nitros"", ""radiațiile ionizante"", ""virusurile"", ""colchicina""]",1,,,,,,,,,,,,"Chimici: acid nitros, coloranți, colchicină; biologici: virusuri."
A23-GRI14,A,A23,grila,I.C,Factori chimici,C,2,Fișe p.29,Este agent mutagen chimic:,,,,"[""radiațiile cosmice"", ""colchicina"", ""virusurile"", ""variațiile bruște de temperatură""]",1,,,,,,,,,,,,"Și acidul nitros, unele coloranți și medicamente."
A23-GRI15,A,A23,grila,I.C,Factori biologici,C,2,Fișe p.29–30,Este agent mutagen biologic:,,,,"[""radiațiile ionizante"", ""acidul nitros"", ""virusurile"", ""colchicina""]",2,,,,,,,,,,,,Pot produce restructurări cromozomale și efect cancerigen.
A23-GRI16,A,A23,grila,I.C,Cariotip,C,1,Fișe p.30,Cariotipul uman normal cuprinde:,,,,"[""23 de cromozomi"", ""46 de cromozomi"", ""44 de cromozomi"", ""48 de cromozomi""]",1,,,,,,,,,,,,Totalitatea cromozomilor; 46 = 2n.
A23-GRI17,A,A23,grila,I.C,Down,C,1,Fișe p.30,Sindromul Down este:,,,,"[""monosomia XO"", ""trisomia 21"", ""trisomia XXY"", ""poliploidie""]",1,,,,,,,,,,,,Aneuploidie autozomală; cariotip cu 47 de cromozomi.
A23-GRI18,A,A23,grila,I.C,Turner,C,2,Fișe p.30,Sindromul Turner (femei) este:,,,,"[""monosomia XO"", ""trisomia 21"", ""trisomia XXY"", ""triploidia (3n)""]",0,,,,,,,,,,,,Heterozomală; cariotip cu 45 de cromozomi.
A23-GRI19,A,A23,grila,I.C,Klinefelter,C,2,Fișe p.30,Sindromul Klinefelter (bărbați) este:,,,,"[""monosomia XO"", ""trisomia 21"", ""trisomia XXY"", ""albinismul""]",2,,,,,,,,,,,,Aneuploidie heterozomală; cariotip cu 47 de cromozomi.
A23-GRI20,A,A23,grila,I.C,Boli genice dominante,C,2,Fișe p.30–31,Sunt boli genice autozomale dominante:,,,,"[""albinismul"", ""polidactilia și sindactilia"", ""hemofilia"", ""daltonismul""]",1,,,,,,,,,,,,Albinismul este recesiv; hemofilia și daltonismul sunt heterozomale recesive.
A23-GRI21,A,A23,grila,I.C,Falciformă,C,3,Fișe p.30,Anemia falciformă în stare heterozigotă:,,,,"[""este letală"", ""mărește rezistența la malarie"", ""produce hemofilie"", ""nu are efect""]",1,,,,,,,,,,,,În stare homozigotă este letală.
A23-GRI22,A,A23,grila,I.C,Hemofilia,C,2,Fișe p.30–31,Hemofilia este o boală:,,,,"[""autozomală dominantă"", ""heterozomală recesivă"", ""autozomală recesivă"", ""cromozomială numerică""]",1,,,,,,,,,,,,Gena este pe cromozomul X; apare la bărbați ori de câte ori este prezentă (hemizigoție).
A23-GRI23,A,A23,grila,I.C,Hemizigoție,C,3,Fișe p.31,Hemizigoția înseamnă că bărbatul are:,,,,"[""două alele pe X"", ""o singură alelă pentru gena de pe X (nu are alelă pe Y)"", ""alele identice pe Y"", ""alele pe autozomi""]",1,,,,,,,,,,,,De aceea boala se manifestă la bărbați ori de câte ori gena este prezentă.
A23-GRI24,A,A23,grila,I.C,Albinism,C,2,Fișe p.30,Albinismul este:,,,,"[""lipsa pigmenților melanici, boală recesivă"", ""boală dominantă"", ""boală heterozomală"", ""o aneuploidie""]",0,,,,,,,,,,,,"Afectează pielea, părul, ochii."
A23-GRI25,A,A23,grila,I.C,Număr cromozomi,A,3,Calcul din Fișe p.30,Un cariotip uman cu trisomie 21 are:,,,,"[""45 de cromozomi"", ""46 de cromozomi"", ""47 de cromozomi"", ""69 de cromozomi""]",2,,,,,,,,,,,,46 + 1 = 47 (2n+1); Turner: 46 – 1 = 45; poliploidie 3n = 69.
A23-ADE01,A,A23,adevarat_fals,I.D,Crossing-over,C,1,,,Crossing-over-ul are loc între cromatidele surori ale aceluiași cromozom.,,,,,False,Crossing-over-ul are loc între cromatidele nesurori ale cromozomilor omologi.,,,,,,,,,,În profaza I.
A23-ADE02,A,A23,adevarat_fals,I.D,Sex,C,1,,,"La femeie, gameții conțin întotdeauna cromozomul X.",,,,,True,,,,,,,,,,,Sex homogametic.
A23-ADE03,A,A23,adevarat_fals,I.D,Tip B,C,1,,,"La păsări, la tipul Abraxas, femela este sexul heterogametic.",,,,,True,,,,,,,,,,,"Conform fișelor, masculul este XX, femela XY."
A23-ADE04,A,A23,adevarat_fals,I.D,Mutații,C,1,,,Majoritatea mutațiilor sunt benefice.,,,,,False,Majoritatea mutațiilor sunt dăunătoare.,,,,,,,,,,Puține sunt utile.
A23-ADE05,A,A23,adevarat_fals,I.D,Down,C,1,,,Sindromul Down este o aneuploidie heterozomală.,,,,,False,Sindromul Down este o aneuploidie autozomală.,,,,,,,,,,Trisomia 21.
A23-ADE06,A,A23,adevarat_fals,I.D,Radiații,C,1,,,Radiațiile ionizante sunt agenți mutageni fizici.,,,,,True,,,,,,,,,,,
A23-ADE07,A,A23,adevarat_fals,I.D,Albinism,C,1,,,Albinismul este o boală genică dominantă.,,,,,False,Albinismul este o boală genică recesivă.,,,,,,,,,,Polidactilia – dominantă.
A23-ADE08,A,A23,adevarat_fals,I.D,Hemofilia,C,1,,,Hemofilia se manifestă la bărbați ori de câte ori gena este prezentă.,,,,,True,,,,,,,,,,,Hemizigoție.
A23-COM01,A,A23,completare,I.A,Mutații,C,1,,,,"Cea mai mică mutație genică, ce afectează o pereche de nucleotide, se numește mutație ............ .",,,,,,"[""punctiformă""]",,,,,,,,,
A23-COM02,A,A23,completare,I.A,Aneuploidii,C,1,,,,"Trisomia 21 se numește sindromul ............, iar monosomia XO – sindromul ............ .",,,,,,"[""Down"", ""Turner""]",,,,,,,,,
A23-COM03,A,A23,completare,I.A,Factori mutageni,C,1,,,,"Radiațiile ionizante sunt agenți mutageni ............, iar virusurile – agenți mutageni ............ .",,,,,,"[""fizici"", ""biologici""]",,,,,,,,,
A23-COM04,A,A23,completare,I.A,Sex,C,1,,,,"Sexul care formează un singur tip de gameți se numește sex ............, iar cel care formează două tipuri – sex ............ .",,,,,,"[""homogametic"", ""heterogametic""]",,,,,,,,,
A23-EXE01,A,A23,exemple_caracteristica,I.B,Mutații,C,1,,Dați trei exemple de mutații.,,,,,,,,"[{""example"": ""mutație genică punctiformă"", ""feature"": ""afectează o pereche de nucleotide""}, {""example"": ""mutație cromozomială"", ""feature"": ""deleție, translocație, duplicație, inversie""}, {""example"": ""mutație genomică"", ""feature"": ""poliploidie sau aneuploidie""}]",,,,,,,,,
A23-EXE02,A,A23,exemple_caracteristica,I.B,Agenți mutageni,C,1,,Dați două exemple de agenți mutageni; precizați tipul fiecăruia.,,,,,,,,"[{""example"": ""radiații ionizante"", ""feature"": ""fizic""}, {""example"": ""acid nitros"", ""feature"": ""chimic""}, {""example"": ""virusuri"", ""feature"": ""biologic""}, {""example"": ""colchicina"", ""feature"": ""chimic""}]",,,,,,,,,
A23-EXE03,A,A23,exemple_caracteristica,I.B,Boli genetice,C,1,,Dați două exemple de boli genetice; precizați câte un tip.,,,,,,,,"[{""example"": ""sindromul Down"", ""feature"": ""aneuploidie autozomală (trisomia 21)""}, {""example"": ""hemofilia"", ""feature"": ""boală genică heterozomală recesivă""}, {""example"": ""albinismul"", ""feature"": ""boală genică autozomală recesivă""}, {""example"": ""sindromul Turner"", ""feature"": ""aneuploidie heterozomală (XO)""}]",,,,,,,,,
A23-STR01,A,A23,structurat,III.2.a,Mutații,C,1,Simulare 2026 III.2.a,Dați trei exemple de mutații.,,,,,,,,,"Mutații genice (punctiforme), mutații cromozomale (deleții, translocații), mutații genomice (poliploidii, aneuploidii, ex. trisomia 21).","[""trei exemple""]",,,,,,,
A23-STR02,A,A23,structurat,II.A.a,Hemofilia,C,3,Fișe p.30–31,"Numiți o boală genetică la om precizând: tipul ei, o manifestare și o modalitate de transmitere.",,,,,,,,,"Exemplu – hemofilia: boală genică heterozomală recesivă; manifestare – incapacitatea de coagulare a sângelui; gena este pe X, se transmite pe linie maternă și apare la bărbați ori de câte ori e prezentă.","[""boală"", ""tip"", ""manifestare"", ""transmitere""]",,,,,,,
A23-STR03,A,A23,structurat,III.1.b,Crossing-over,U,3,Fișe p.28,Explicați importanța crossing-over-ului.,,,,,,,,,"Prin schimbul de gene între cromatidele nesurori ale omologilor rezultă cromozomi recombinați genetic, deci gameți și descendenți variați genetic.","[""cromozomi recombinați"", ""variabilitate""]",,,,,,,
A23-STR04,A,A23,structurat,III.1.b,Sex,U,2,Fișe p.28,Explicați de ce sexul copilului este determinat de bărbat.,,,,,,,,,"Femeia formează numai ovule cu X, iar bărbatul spermatozoizi cu X sau Y; tipul de spermatozoid care fecundează decide sexul.","[""ovul X"", ""spermatozoid X/Y""]",,,,,,,
A23-ENU01,A,A23,enunturi,III.1.c,Mutații,U,2,,"Construiți patru enunțuri afirmative, câte două pentru fiecare conținut: mutațiile genomice; factorii mutageni fizici.",,,,,,,,,,,"[""Mutațiile genomice afectează întregul genom."", ""Poliploidia și aneuploidia sunt mutații genomice."", ""Radiațiile ionizante sunt factori mutageni fizici."", ""Factorii mutageni fizici au efect cancerigen și teratogen.""]",,,,,,
A23-ENU02,A,A23,enunturi,III.1.c,Boli genetice,U,2,,"Construiți patru enunțuri afirmative, câte două pentru fiecare conținut: sindromul Down; hemofilia.",,,,,,,,,,,"[""Sindromul Down este trisomia 21."", ""Sindromul Down este o aneuploidie autozomală."", ""Hemofilia este o boală genică recesivă."", ""Gena hemofiliei se află pe cromozomul X.""]",,,,,,
A23-MIN01,A,A23,minieseu,III.2.c,Factorii mutageni,U,2,,,,,Factorii mutageni,,,,,,,,,"Mutațiile sunt modificări ale materialului genetic produse de factori mutageni fizici, chimici și biologici. Radiațiile, agenții chimici și virusurile au efect cancerigen, iar unele mutații produc malformații teratogene.","[""mutație"", ""radiații"", ""agent chimic"", ""virus"", ""cancerigen"", ""teratogen""]",,,,
A23-MIN02,A,A23,minieseu,III.2.c,Mutațiile,U,2,,,,,Mutațiile și bolile genetice,,,,,,,,,"Mutațiile pot modifica genomul și cariotipul uman. Aneuploidiile, precum trisomia 21, produc sindroame cu manifestări caracteristice.","[""mutație"", ""genom"", ""aneuploidie"", ""cariotip"", ""trisomie"", ""sindrom""]",,,,
A23-PRO01,A,A23,problema_genetica,II.B,Determinismul cromozomal al sexului (tip A),A,1,Fișe p.28 (model),La om (tip Drosophila) se încrucișează o femeie (XX) cu un bărbat (XY). Stabiliți: a) tipurile de gameți formați de fiecare părinte și care sex este homogametic; b) probabilitatea ca un copil să fie fată sau băiat; c) cine determină sexul copilului și de ce.,,,,,,,,,,,,,,"{""tip"": ""A (Drosophila)""}","[""a) Femeia XX → un singur tip de gamet (X) = sex homogametic; bărbatul XY → X și Y (50% fiecare) = sex heterogametic."", ""b) femel (XX): 1/2 = 50% (genotipuri: XX); mascul (XY): 1/2 = 50% (genotipuri: XY)."", ""c) Sexul îl determină gametul bărbatului: spermatozoidul cu X dă fată, cel cu Y dă băiat; ovulul conține întotdeauna X.""]","a) X / X și Y; b) 50% fete, 50% băieți; c) spermatozoidul (X sau Y)",
A23-PRO02,A,A23,problema_genetica,II.B,Boală heterozomală recesivă (hemofilia) – extindere,A,3,Fișe p.30–31 (model),"Hemofilia este determinată de o genă recesivă (h) situată pe cromozomul X. O femeie sănătoasă, purtătoare a genei, se căsătorește cu un bărbat sănătos. Stabiliți: a) genotipurile părinților; b) gameții formați; c) probabilitatea ca un copil să fie hemofilic și procentul băieților hemofilici dintre fii; d) explicați de ce boala apare mai des la bărbați.",,,,,,,,,,,,,,"{""mama"": ""XHXh"", ""tata"": ""XHY"", ""nota"": ""extindere – verificați dacă profesorul include probleme heterozomale""}","[""a) Femeie purtătoare: XHXh; bărbat sănătos: XHY."", ""b) XHXh → XH, Xh; XHY → XH, Y."", ""c) fată sănătoasă, nepurtătoare: 1/4 = 25% (genotipuri: XHXH); băiat sănătos: 1/4 = 25% (genotipuri: XHY); fată sănătoasă, purtătoare: 1/4 = 25% (genotipuri: XHXh); băiat hemofilic: 1/4 = 25% (genotipuri: XhY)."", ""c) Copil hemofilic: 1 din 4 = 25%; dintre fii: 1 din 2 = 50%."", ""d) Bărbatul are un singur cromozom X (hemizigoție): gena h se manifestă oricând este prezentă; femeia are nevoie de două alele recesive (Xh Xh).""]","a) XHXh × XHY; b) XH, Xh / XH, Y; c) 25% dintre copii; 50% dintre băieți; d) hemizigoție",
A23-PRO03,A,A23,problema_genetica,II.B,Daltonism (heterozomală recesivă) – extindere,A,3,Fișe p.31 (model),"Daltonismul este determinat de o genă recesivă (d) situată pe cromozomul X. Un bărbat daltonist are copii cu o femeie cu vedere normală, homozigotă. Stabiliți: a) genotipurile părinților; b) genotipurile și fenotipurile copiilor; c) dacă fiii pot fi daltoniști; explicați de la cine primesc cromozomul X.",,,,,,,,,,,,,,"{""mama"": ""XDXD"", ""tata"": ""XdY""}","[""a) Femeie homozigotă normală: XDXD; bărbat daltonist: XdY."", ""b) fată purtătoare (vedere normală): 1/2 = 50% (genotipuri: XDXd); băiat cu vedere normală: 1/2 = 50% (genotipuri: XDY)."", ""c) Nu: fiii primesc cromozomul Y de la tată și X de la mamă (XD), deci sunt sănătoși; fiicele primesc Xd de la tată și sunt purtătoare.""]","a) XDXD × XdY; b) toate fiicele XDXd purtătoare, toți fiii XDY sănătoși; c) nu, X vine de la mamă",
